ISLAND,TRANSECTID,OCC_SITEID,REA_SITE,SITE_DEPTH_M,LATITUDE,LONGITUDE,REGION,STATUS,INSTRUMENTS
AGR,AGR-N,OCC-AGR-001,AGR-04,14,18.80745,145.64871,CNMI,Active,"STR, CAU"
AGR,,OCC-AGR-002,AGR-07,14.3,18.79776,145.68767,CNMI,Active,CAU
AGR,,OCC-AGR-003,AGR-01,14.6,18.74842,145.6946,CNMI,Active,CAU
AGR,AGR-S,OCC-AGR-004,AGR-02,9.1,18.72673,145.66317,CNMI,Active,"STR, CAU"
AGR,,OCC-AGR-005,AGR-06,9.1,18.75727,145.64035,CNMI,Active,CAU
AGR,,OCC-AGR-006,AGR-398,1.5,18.76656,145.63819,CNMI,Inactive,STR
AGU,,OCC-AGU-001,AGU-85,7.5,14.84775,145.53722,CNMI,Active,"STR, PH, ADP, CTD"
AGU,,OCC-AGU-002,AGU-289,10,14.83502,145.53263,CNMI,Inactive,STR
ALA,,OCC-ALA-001,ALA-299,16.2,17.61484,145.84253,CNMI,Active,STR
ALA,,OCC-ALA-002,ALA-300,6.7,17.58746,145.81869,CNMI,Active,STR
ALA,,OCC-ALA-003,ALA-301,3,17.61873,145.8234,CNMI,Inactive,STR
ANA,,OCC-ANA-001,ANA-07,4,16.33289,145.7027,CNMI,Active,STR
ANA,,OCC-ANA-002,ANA-08,5.5,16.33462,145.64532,CNMI,Inactive,STR
ASC,,OCC-ASC-001,ASC-04,13.7,19.70841,145.40303,CNMI,Active,CAU
ASC,ASC-E,OCC-ASC-002,ASC-01,11.9,19.69984,145.41759,CNMI,Active,STR
ASC,,OCC-ASC-003,ASC-20,12.5,19.67693,145.41079,CNMI,Active,CAU
ASC,,OCC-ASC-004,ASC-02,10.1,19.68034,145.39133,CNMI,Active,CAU
ASC,,OCC-ASC-005,ASC-06,14,19.69025,145.38852,CNMI,Active,CAU
ASC,,OCC-ASC-006,ASC-491,4,19.69338,145.38965,CNMI,Active,STR
ASC,ASC-E,OCC-ASC-007,ASC-492,29.6,19.69956,145.41851,CNMI,Inactive,STR
ASC,,OCC-ASC-008,ASC-03,14.8,19.7017,145.39365,CNMI,Inactive,CAU
AUAU,,OCC-AUAU-001,AUAU-01,45.3,20.80608,-156.6497,MHI,Inactive,STR
AUAU,,OCC-AUAU-002,AUAU-02,36.4,20.80608,-156.6497,MHI,Inactive,STR
AUAU,,OCC-AUAU-003,AUAU-03,27.9,20.80608,-156.6497,MHI,Inactive,"STR, PINGER"
AUAU,,OCC-AUAU-004,AUAU-04,54.4,20.80608,-156.6497,MHI,Inactive,"RCM, STPR"
AUAU,,OCC-AUAU-005,AUAU-05,58.3,20.80937,-156.68153,MHI,Inactive,STR
AUAU,,OCC-AUAU-006,AUAU-06,49.1,20.80937,-156.68153,MHI,Inactive,STR
AUAU,,OCC-AUAU-007,AUAU-07,40.9,20.80937,-156.68153,MHI,Inactive,"STR, PINGER"
AUAU,,OCC-AUAU-008,AUAU-08,67.4,20.80937,-156.68153,MHI,Inactive,"RCM, STPR"
AUAU,,OCC-AUAU-009,AUAU-09,112.4,20.77162,-156.67068,MHI,Inactive,STR
AUAU,,OCC-AUAU-010,AUAU-10,92.8,20.77162,-156.67068,MHI,Inactive,"STR, PINGER"
AUAU,,OCC-AUAU-011,AUAU-11,102.8,20.77162,-156.67068,MHI,Inactive,STR
AUAU,,OCC-AUAU-012,AUAU-12,121.7,20.77162,-156.67068,MHI,Inactive,"ADP, STPR, RCM"
AUAU,,OCC-AUAU-013,AUAU-13,82.8,20.77813,-156.67362,MHI,Inactive,"ADP, STPR, RCM"
AUAU,,OCC-AUAU-014,AUAU-14,53.3,20.77813,-156.67362,MHI,Inactive,"STR, PINGER"
AUAU,,OCC-AUAU-015,AUAU-15,63.6,20.77813,-156.67362,MHI,Inactive,STR
AUAU,,OCC-AUAU-016,AUAU-16,73.2,20.77813,-156.67362,MHI,Inactive,STR
AUAU,,OCC-AUAU-017,AUAU-17,78,20.81208,-156.71048,MHI,Inactive,STR
BAK,BAK-N,OCC-BAK-001,BAK-1998,25.6,0.20641,-176.47583,PRIA,Active,STR
BAK,BAK-N,OCC-BAK-002,BAK-157,13.7,0.20494,-176.47651,PRIA,Active,STR
BAK,BAK-N,OCC-BAK-003,BAK-14,15.2,0.20532,-176.47439,PRIA,Active,CAU
BAK,BAK-E,OCC-BAK-004,BAK-2000,23.5,0.19151,-176.45643,PRIA,Active,STR
BAK,BAK-E,OCC-BAK-005,BAK-2001,14,0.19159,-176.46014,PRIA,Active,STR
BAK,BAK-E,OCC-BAK-006,BAK-634,4.3,0.19404,-176.46729,PRIA,Active,STR
BAK,,OCC-BAK-007,BAK-50,14.9,0.18702,-176.4705,PRIA,Active,CAU
BAK,,OCC-BAK-008,BAK-02,14.6,0.1883,-176.47988,PRIA,Active,CAU
BAK,BAK-W,OCC-BAK-009,BAK-1999,25.6,0.19178,-176.48887,PRIA,Active,STR
BAK,BAK-W,OCC-BAK-010,BAK-1999,14.3,0.19181,-176.48867,PRIA,Active,"PH, ADP, CTD, STR, Soundtrap, EAR, ANCHOR"
BAK,,OCC-BAK-011,BAK-11,15.2,0.1989,-176.485,PRIA,Active,CAU
BAK,BAK-W,OCC-BAK-012,BAK-1999,5.2,0.19182,-176.48851,PRIA,Inactive,STR
BAK,BAK-N,OCC-BAK-013,BAK-2002,5.2,0.20357,-176.47609,PRIA,Inactive,STR
BAK,BAK-E,OCC-BAK-014,BAK-16,11.3,0.19459,-176.46281,PRIA,Inactive,"STR, CAU"
BAK,BAK-N,OCC-BAK-015,BAK-2003,17.4,0.20539,-176.47587,PRIA,Inactive,STR
BAK,BAK-S,OCC-BAK-016,BAK-06,5.5,0.18783,-176.47476,PRIA,Inactive,STR
BAK,BAK-W,OCC-BAK-017,BAK-1999,9.1,0.1918,-176.4886,PRIA,Inactive,STR
BAK,BAK-W,OCC-BAK-018,BAK-1999,18.6,0.19176,-176.48872,PRIA,Inactive,STR
BAK,,OCC-BAK-019,BAK-2004,18.9,0.18994,-176.46012,PRIA,Inactive,"ADP, SBE37, ANCHOR"
BAK,,OCC-BAK-020,BAK-2005,0.2,0.18995,-176.46015,PRIA,Inactive,SST-STR
BAK,BAK-S,OCC-BAK-021,BAK-06,2.4,0.18797,-176.47474,PRIA,Inactive,STR
BAK,,OCC-BAK-022,BAK-09,17,0.1868,-176.47007,PRIA,Inactive,CAU
FDP,FDP-SE,OCC-FDP-001,FDP-373,14.9,20.53755,144.89951,CNMI,Active,STR
FDP,,OCC-FDP-002,FDP-290,14,20.54518,144.88572,CNMI,Active,STR
FDP,FDP-SE,OCC-FDP-003,FDP-372,10.7,20.53791,144.89858,CNMI,Inactive,STR
FDP,FDP-W,OCC-FDP-004,FDP-374,18.6,20.5452,144.88556,CNMI,Inactive,STR
FDP,FDP-W,OCC-FDP-005,FDP-375,31.7,20.54528,144.88533,CNMI,Inactive,STR
FDP,FDP-SE,OCC-FDP-006,FDP-376,32.3,20.53724,144.9003,CNMI,Inactive,STR
FDP,,OCC-FDP-007,FDP-377,1.5,20.53712,144.89767,CNMI,Inactive,STR
FFP,,OCC-FFP-001,FFP-02,17.7,21.68675,-160.60316,MHI,Inactive,"EAR, STR, ANCHOR"
FFS,FFS-N,OCC-FFS-001,FFS-4528,24.4,23.87852,-166.29093,NWHI,Active,STR
FFS,FFS-N,OCC-FFS-002,FFS-42,17.7,23.87815,-166.29107,NWHI,Active,"STR, CAU"
FFS,FFS-N,OCC-FFS-003,FFS-4529,6.4,23.8756,-166.29175,NWHI,Active,STR
FFS,,OCC-FFS-004,FFS-43,16.8,23.88021,-166.27707,NWHI,Active,CAU
FFS,,OCC-FFS-005,FFS-4530,2.7,23.86608,-166.21969,NWHI,Active,STR
FFS,FFS-E,OCC-FFS-006,FFS-4531,26.5,23.83664,-166.11706,NWHI,Active,STR
FFS,FFS-E,OCC-FFS-007,FFS-44,18,23.83513,-166.11689,NWHI,Active,"STR, CAU"
FFS,FFS-E,OCC-FFS-008,FFS-4532,4.6,23.83024,-166.12027,NWHI,Active,STR
FFS,FFS-S,OCC-FFS-009,FFS-B009,27.4,23.63488,-166.18569,NWHI,Active,STR
FFS,FFS-S,OCC-FFS-010,FFS-40,14.3,23.63669,-166.18518,NWHI,Active,"STR, CAU"
FFS,FFS-S,OCC-FFS-011,FFS-4533,6.7,23.64113,-166.17979,NWHI,Active,STR
FFS,FFS-S,OCC-FFS-012,FFS-4534,1.5,23.64513,-166.17376,NWHI,Inactive,STR
FFS,,OCC-FFS-013,FFS-B013,4.6,23.76894,-166.26134,NWHI,Inactive,STR
FFS,FFS-W,OCC-FFS-014,FFS-41,12.5,23.79247,-166.25372,NWHI,Inactive,"STR, CAU"
FFS,FFS-W,OCC-FFS-015,FFS-B015,4.6,23.79184,-166.23322,NWHI,Inactive,STR
FFS,,OCC-FFS-016,FFS-4535,2.7,23.73813,-166.1675,NWHI,Inactive,STR
FFS,,OCC-FFS-017,FFS-B009,24.1,23.63498,-166.18556,NWHI,Inactive,"STR, EAR, ANCHOR"
FFS,,OCC-FFS-018,FFS-4536,2.1,23.82794,-166.12122,NWHI,Inactive,STR
FFS,,OCC-FFS-019,FFS-4537,10.1,23.76887,-166.26197,NWHI,Inactive,"EAR, STR, ANCHOR"
FFS,,OCC-FFS-020,FFS-4538,0.2,23.85626,-166.27519,NWHI,Inactive,"SST-STR, STR, DRIFTER"
FFS,FFS-S,OCC-FFS-021,FFS-4539,10.4,23.63881,-166.1797,NWHI,Inactive,"STR, EAR"
FFS,,OCC-FFS-022,FFS-72,8.8,23.88049,-166.27307,NWHI,Inactive,"STR, CAU"
FFS,,OCC-FFS-023,FFS-4540,7.3,23.85626,-166.27516,NWHI,Inactive,"STR, ANCHOR"
FFS,,OCC-FFS-024,FFS-4541,7.9,23.85676,-166.27187,NWHI,Inactive,"STR, EAR, ANCHOR"
FFS,,OCC-FFS-025,FFS-4542,2.1,23.73815,-166.16685,NWHI,Inactive,STR
FFS,,OCC-FFS-026,FFS-16,0.9,23.85675,-166.27163,NWHI,Inactive,"SBE37, STR, EDL"
FFS,FFS-S,OCC-FFS-027,FFS-4543,2,23.64478,-166.1735,NWHI,Inactive,STR
FFS,,OCC-FFS-028,FFS-12,11.6,23.63835,-166.18005,NWHI,Inactive,CAU
FFS,"
",OCC-FFS-029,FFS-21,12.2,23.84688,-166.32697,NWHI,Inactive,CAU
FFS,,OCC-FFS-030,FFS-34,9.1,23.62792,-166.13538,NWHI,Inactive,CAU
FFS,,OCC-FFS-031,FFS-83,8.2,23.76928,-166.26173,NWHI,Inactive,CAU
FFS,,OCC-FFS-032,FFS-4544,237.7,23.6373,-166.2632166,NWHI,Inactive,EAR
FFS,,OCC-FFS-033,FFS-4545,113.4,23.743611,-166.396389,NWHI,Inactive,EAR
GAR,,OCC-GAR-001,GAR-125,10.7,24.9988,-167.99958,NWHI,Inactive,STR
GUA,GUA-N,OCC-GUA-001,GUA-2352,23.8,13.60387,144.92395,CNMI,Active,STR
GUA,GUA-N,OCC-GUA-002,GUA-23,15.5,13.60334,144.92367,CNMI,Active,"STR, EAR, ANCHOR, CAU"
GUA,GUA-N,OCC-GUA-003,GUA-2353,5.8,13.60229,144.9234,CNMI,Active,STR
GUA,GUA-E,OCC-GUA-004,GUA-2354,24.7,13.47379,144.86602,CNMI,Active,STR
GUA,GUA-E,OCC-GUA-005,GUA-22,16.5,13.4752,144.86489,CNMI,Active,"STR, CAU"
GUA,GUA-E,OCC-GUA-006,GUA-2355,4.6,13.47596,144.86356,CNMI,Active,STR
GUA,,OCC-GUA-007,GUA-13,12.8,13.29149,144.76768,CNMI,Active,CAU
GUA,GUA-S,OCC-GUA-008,GUA-21,25.6,13.24083,144.70444,CNMI,Active,STR
GUA,GUA-S,OCC-GUA-009,GUA-21,13.7,13.24121,144.70449,CNMI,Active,"STR, ADP, PH, CTD, CAU"
GUA,GUA-S,OCC-GUA-010,GUA-2356,4.6,13.24216,144.70398,CNMI,Active,STR
GUA,GUA-S,OCC-GUA-011,GUA-2357,1.2,13.24343,144.70053,CNMI,Active,STR
GUA,,OCC-GUA-012,GUA-12,12.8,13.4488,144.62593,CNMI,Active,CAU
GUA,,OCC-GUA-013,GUA-2358,1.2,13.47556,144.69917,CNMI,Active,STR
GUA,GUA-W,OCC-GUA-014,GUA-20,25,13.52894,144.80018,CNMI,Active,STR
GUA,GUA-W,OCC-GUA-015,GUA-20,14.3,13.52896,144.80035,CNMI,Active,"STR, CAU"
GUA,GUA-W,OCC-GUA-016,GUA-20,12.5,13.52902,144.80047,CNMI,Active,"ANCHOR, STR"
GUA,GUA-W,OCC-GUA-017,GUA-2359,5.2,13.52886,144.8013,CNMI,Active,STR
GUA,,OCC-GUA-018,GUA-20,0.3,13.52902,144.80047,CNMI,Inactive,SST-STR
GUA,,OCC-GUA-019,GUA-09,8.5,13.63241,144.89296,CNMI,Inactive,STR
GUA,,OCC-GUA-020,GUA-2360,0.3,13.51902,144.79778,CNMI,Inactive,SST-STR
GUA,,OCC-GUA-021,GUA-02,14.6,13.30528,144.65307,CNMI,Inactive,CAU
GUA,,OCC-GUA-022,GUA-05,10.5,13.57865,144.82843,CNMI,Inactive,CAU
GUA,,OCC-GUA-023,GUA-08,12.9,13.4888,144.87747,CNMI,Inactive,CAU
GUG,,OCC-GUG-001,GUG-319,15.2,17.31068,145.85364,CNMI,Active,STR
GUG,GUG-W,OCC-GUG-002,GUG-320,15.8,17.30753,145.83081,CNMI,Active,STR
GUG,GUG-W,OCC-GUG-003,GUG-321,6.7,17.30734,145.83139,CNMI,Active,STR
HAW,HAW-N,OCC-HAW-001,HAW-4314,24.7,20.27026,-155.86099,MHI,Active,STR
HAW,HAW-N,OCC-HAW-002,HAW-41,14,20.26822,-155.86041,MHI,Active,"STR, CAU"
HAW,,OCC-HAW-003,HAW-44,13.1,19.74696,-155.05803,MHI,Inactive,CAU
HAW,,OCC-HAW-004,HAW-45,12.8,19.66471,-154.97473,MHI,Inactive,CAU
HAW,HAW-E,OCC-HAW-005,HAW-4315,24.4,19.48632,-154.81673,MHI,Inactive,STR
HAW,HAW-E,OCC-HAW-006,HAW-46,11.9,19.48638,-154.81766,MHI,Inactive,"STR, CAU"
HAW,HAW-S,OCC-HAW-007,HAW-4316,25.6,19.05802,-155.55022,MHI,Active,STR
HAW,HAW-S,OCC-HAW-008,HAW-48,14.9,19.06071,-155.55237,MHI,Active,"STR, CAU"
HAW,HAW-W,OCC-HAW-009,HAW-43,24.1,19.24418,-155.90043,MHI,Active,STR
HAW,HAW-W,OCC-HAW-010,HAW-43,14.3,19.2443,-155.90028,MHI,Active,"STR, ANCHOR, CAU"
HAW,HAW-W,OCC-HAW-011,HAW-4317,5.2,19.24446,-155.89974,MHI,Active,STR
HAW,,OCC-HAW-012,HAW-73,14.6,19.88457,-155.91391,MHI,Inactive,CAU
HAW,,OCC-HAW-013,HAW-49,14.6,19.93093,-155.89203,MHI,Inactive,CAU
HAW,,OCC-HAW-014,HAW-42,13.7,20.24913,-155.89095,MHI,Inactive,CAU
HAW,,OCC-HAW-015,HAW-4318,15.2,19.20991,-155.90137,MHI,Inactive,"CTD, PAR, ADP, PH"
HAW,,OCC-HAW-016,HAW-47,15.8,19.39414,-154.92416,MHI,Inactive,"EAR, STR, ANCHOR, CAU"
HAW,,OCC-HAW-017,HAW-341,17.7,19.07381,-155.90162,MHI,Inactive,"EAR, STR, ANCHOR"
HAW,,OCC-HAW-018,HAW-4319,13.7,18.92253,-155.68431,MHI,Inactive,STR
HAW,,OCC-HAW-019,HAW-06,10.1,20.19118,-155.90352,MHI,Inactive,STR
HAW,,OCC-HAW-020,HAW-705,14.3,19.13292,-155.50222,MHI,Inactive,STR
HOW,,OCC-HOW-001,HOW-13,12.8,0.81991,-176.6162,PRIA,Active,CAU
HOW,HOW-E,OCC-HOW-002,HOW-12,25,0.80941,-176.61044,PRIA,Active,STR
HOW,HOW-E,OCC-HOW-003,HOW-12,14.6,0.80936,-176.61063,PRIA,Active,"STR, CAU"
HOW,HOW-E,OCC-HOW-004,HOW-12,5.2,0.80916,-176.61097,PRIA,Active,STR
HOW,,OCC-HOW-005,HOW-11,13.7,0.7989,-176.6205,PRIA,Active,CAU
HOW,HOW-W,OCC-HOW-006,HOW-642,25,0.80651,-176.62155,PRIA,Active,STR
HOW,HOW-W,OCC-HOW-007,HOW-642,14.3,0.80654,-176.62148,PRIA,Active,STR
HOW,HOW-W,OCC-HOW-008,HOW-214,5.2,0.80662,-176.62141,PRIA,Active,STR
HOW,,OCC-HOW-009,HOW-14,14.6,0.81492,-176.62399,PRIA,Active,"STR, CAU"
HOW,HOW-W,OCC-HOW-010,HOW-642,38.4,0.80649,-176.62148,PRIA,Inactive,STR
HOW,HOW-W,OCC-HOW-011,HOW-642,19.8,0.80646,-176.62153,PRIA,Inactive,STR
HOW,,OCC-HOW-012,HOW-1032,18.9,0.82351,-176.62216,PRIA,Inactive,STR
HOW,,OCC-HOW-013,HOW-1033,4.9,0.8109,-176.61152,PRIA,Inactive,STR
HOW,,OCC-HOW-014,HOW-150,0.3,0.79485,-176.61122,PRIA,Inactive,SST-STR
HOW,,OCC-HOW-015,HOW-1034,0.3,0.82327,-176.6243,PRIA,Inactive,SST-STR
HOW,,OCC-HOW-016,HOW-05,13.7,0.8042,-176.6215,PRIA,Inactive,CAU
JAR,JAR-N,OCC-JAR-001,JAR-08,14.6,-0.36307,-159.99115,PRIA,Active,CAU
JAR,JAR-NE,OCC-JAR-002,JAR-642,24.1,-0.36759,-159.97883,PRIA,Active,STR
JAR,JAR-NE,OCC-JAR-003,JAR-01,15.5,-0.36776,-159.97879,PRIA,Active,"Soundtrap, STR, ANCHOR, EAR, ADP, PH, CTD, CAU"
JAR,JAR-E,OCC-JAR-004,JAR-422,24.1,-0.3751,-159.97229,PRIA,Active,STR
JAR,JAR-E,OCC-JAR-005,JAR-422,12.8,-0.37509,-159.97245,PRIA,Active,STR
JAR,JAR-E,OCC-JAR-006,JAR-2047,4.9,-0.37394,-159.98337,PRIA,Active,STR
JAR,JAR-S,OCC-JAR-007,JAR-625,24.1,-0.38241,-160.00293,PRIA,Active,STR
JAR,JAR-S,OCC-JAR-008,JAR-04,14.6,-0.38234,-160.00298,PRIA,Active,"STR, CAU"
JAR,JAR-S,OCC-JAR-009,JAR-2048,5.2,-0.38153,-160.00288,PRIA,Active,STR
JAR,,OCC-JAR-010,JAR-500,14.3,-0.3792,-160.01552,PRIA,Active,"STR, EAR, SBE37, ADP, ANCHOR, PINGER"
JAR,,OCC-JAR-011,JAR-07,14.6,-0.3764,-160.0144,PRIA,Active,CAU
JAR,JAR-W,OCC-JAR-012,JAR-11,23.8,-0.36897,-160.00825,PRIA,Active,"STR, ADP, ANCHOR, BATTERY, SBE37"
JAR,JAR-W,OCC-JAR-013,JAR-11,14.9,-0.36896,-160.00812,PRIA,Active,"PH, ADP, CTD, Soundtrap, STR, EAR, ANCHOR, RAS, CAU"
JAR,JAR-W,OCC-JAR-014,JAR-11,5.8,-0.36906,-160.00796,PRIA,Active,STR
JAR,JAR-W,OCC-JAR-015,JAR-11,18.6,-0.36893,-160.00814,PRIA,Inactive,"ANCHOR, BATTERY, SBE37, ADP"
JAR,JAR-N,OCC-JAR-016,JAR-08,9.8,-0.36324,-159.99114,PRIA,Inactive,STR
JAR,JAR-N,OCC-JAR-017,JAR-235,29.3,-0.36291,-159.99118,PRIA,Inactive,STR
JAR,JAR-NE,OCC-JAR-018,JAR-01,11.3,-0.36782,-159.97911,PRIA,Inactive,"SBE37, PH"
JAR,JAR-E,OCC-JAR-019,JAR-422,33.2,-0.37505,-159.97227,PRIA,Inactive,STR
JAR,,OCC-JAR-020,JAR-1715,0.2,-0.37947,-159.97845,PRIA,Inactive,SST-STR
JAR,,OCC-JAR-021,JAR-1715,9.1,-0.37947,-159.97845,PRIA,Inactive,"ANCHOR, STR"
JAR,JAR-SE,OCC-JAR-022,JAR-112,10.1,-0.38187,-159.99663,PRIA,Inactive,STR
JAR,JAR-SE,OCC-JAR-023,JAR-112,32.3,-0.38209,-159.99663,PRIA,Inactive,STR
JAR,JAR-E,OCC-JAR-024,JAR-2049,10.1,-0.37568,-159.97453,PRIA,Inactive,STR
JAR,JAR-W,OCC-JAR-025,JAR-769,10.1,-0.36889,-160.00808,PRIA,Inactive,"STR, ADP, ANCHOR, BATTERY"
JAR,JAR-W,OCC-JAR-026,JAR-769,32.3,-0.36889,-160.00835,PRIA,Inactive,STR
JAR,,OCC-JAR-027,JAR-2050,0.3,-0.37555,-159.97426,PRIA,Inactive,SST-STR
JAR,JAR-E,OCC-JAR-028,JAR-2051,13.7,-0.37558,-159.97435,PRIA,Inactive,"ANCHOR, STR"
JAR,,OCC-JAR-029,JAR-459,0.3,-0.3754,-159.9737,PRIA,Inactive,SST-STR
JAR,,OCC-JAR-030,JAR-10,13.7,-0.38055,-159.9731,PRIA,Inactive,CAU
JAR,,OCC-JAR-031,JAR-523,7,-0.37172299,-159.98286,PRIA,Inactive,
JOH,JOH-N,OCC-JOH-001,JOH-2000,24.7,16.7864,-169.46085,PRIA,Active,STR
JOH,JOH-N,OCC-JOH-002,JOH-2001,15.5,16.78616,-169.46084,PRIA,Active,STR
JOH,JOH-N,OCC-JOH-003,JOH-2002,6.1,16.78491,-169.46112,PRIA,Active,STR
JOH,,OCC-JOH-004,JOH-07,12.2,16.7116,-169.47961,PRIA,Active,CAU
JOH,JOH-S,OCC-JOH-005,JOH-1999,25,16.67068,-169.52682,PRIA,Active,STR
JOH,JOH-S,OCC-JOH-006,JOH-56,15.2,16.69167,-169.527,PRIA,Active,"STR, EAR, CAU"
JOH,JOH-S,OCC-JOH-007,JOH-11,5.2,16.7217,-169.52435,PRIA,Active,STR
JOH,JOH-W,OCC-JOH-008,JOH-2003,24.7,16.73615,-169.55146,PRIA,Active,STR
JOH,JOH-W,OCC-JOH-009,JOH-2004,14.9,16.73536,-169.55117,PRIA,Active,STR
JOH,JOH-W,OCC-JOH-010,JOH-2005,1.2,16.7328,-169.5467,PRIA,Active,STR
JOH,,OCC-JOH-011,JOH-10,14.6,16.76343,-169.5119,PRIA,Active,CAU
JOH,,OCC-JOH-012,JOH-2006,3,16.71479,-169.55503,PRIA,Inactive,STR
JOH,,OCC-JOH-013,JOH-2007,2.7,16.74807,-169.52672,PRIA,Inactive,STR
JOH,,OCC-JOH-014,JOH-2008,23.6,16.67025,-169.56607,PRIA,Inactive,WTR
JOH,,OCC-JOH-015,JOH-2009,8.8,16.75957,-169.49969,PRIA,Inactive,"STR, ANCHOR"
JOH,,OCC-JOH-016,JOH-2010,0.2,16.75957,-169.49969,PRIA,Inactive,SST-STR
JOH,,OCC-JOH-017,JOH-2011,2.4,16.74064,-169.48522,PRIA,Inactive,STR
JOH,,OCC-JOH-018,JOH-09,8.1,16.7286,-169.48565,PRIA,Inactive,CAU
JOH,,OCC-JOH-019,JOH-11,9.5,16.72188,-169.52398,PRIA,Inactive,CAU
JOH,,OCC-JOH-020,JOH-12,11.4,16.74728,-169.52397,PRIA,Inactive,CAU
KAU,KAU-E,OCC-KAU-001,KAU-9000,22.9,21.99821,-159.3279,MHI,Active,STR
KAU,KAU-E,OCC-KAU-002,KAU-2167,14.9,21.99846,-159.32854,MHI,Active,STR
KAU,KAU-S,OCC-KAU-003,KAU-2168,25.3,21.87575,-159.52532,MHI,Active,STR
KAU,KAU-S,OCC-KAU-004,KAU-22,15.8,21.87667,-159.5255,MHI,Active,"STR, CAU"
KAU,KAU-S,OCC-KAU-005,KAU-2169,5.5,21.88223,-159.52549,MHI,Active,STR
KAU,KAU-NW,OCC-KAU-006,KAU-2170,26.2,22.17144,-159.68715,MHI,Active,STR
KAU,KAU-NW,OCC-KAU-007,KAU-21,14.6,22.16845,-159.68573,MHI,Active,"STR, CAU"
KAU,KAU-NW,OCC-KAU-008,KAU-2171,5.2,22.16451,-159.68329,MHI,Inactive,STR
KAU,,OCC-KAU-010,KAU-05,6.1,21.86884,-159.44746,MHI,Inactive,STR
KAU,,OCC-KAU-011,KAU-15,18.6,22.13799,-159.76134,MHI,Inactive,"EAR, STR, ANCHOR"
KAU,,OCC-KAU-012,KAU-2172,25.5,22.12336,-159.77701,MHI,Inactive,"WTR, ANCHOR"
KAU,,OCC-KAU-013,KAU-2173,2.1,22.22839,-159.55998,MHI,Inactive,WTR
KAU,,OCC-KAU-014,KAU-2174,14,22.23573,-159.47188,MHI,Inactive,WTR
KAU,,OCC-KAU-015,KAU-2175,15.2,22.21593,-159.5135,MHI,Inactive,"ADP, ANCHOR, SBE37"
KAU,,OCC-KAU-016,KAU-2176,14.9,22.16533,-159.29895,MHI,Inactive,STR
KIM,,OCC-KIM-001,KIM-04,3.7,-5.32534,150.29812,CORALTRI,Inactive,STR
KIM,,OCC-KIM-002,KIM-04,24.7,-5.32531,150.2982,CORALTRI,Inactive,STR
KIM,,OCC-KIM-003,KIM-04,11.3,-5.32532,150.29815,CORALTRI,Inactive,STR
KIM,,OCC-KIM-004,KIM-05,25.6,-5.20136,150.37786,CORALTRI,Inactive,STR
KIM,,OCC-KIM-005,KIM-06,25.3,-5.09039,150.19074,CORALTRI,Inactive,STR
KIM,,OCC-KIM-006,KIM-06,15.8,-5.09014,150.19086,CORALTRI,Inactive,STR
KIM,,OCC-KIM-007,KIM-09,4.9,-5.09003,150.1913,CORALTRI,Inactive,STR
KIM,,OCC-KIM-008,KIM-02,14.3,-5.29492,150.12828,CORALTRI,Inactive,"STR, EAR"
KIM,,OCC-KIM-009,KIM-02,4,-5.29489,150.1284,CORALTRI,Inactive,STR
KIM,,OCC-KIM-010,KIM-10,0.2,-5.15687,150.29904,CORALTRI,Inactive,SST-STR
KIM,,OCC-KIM-011,KIM-11,25,-5.15688,150.29897,CORALTRI,Inactive,STR
KIM,,OCC-KIM-012,KIM-12,0.9,-5.29498,150.12847,CORALTRI,Inactive,STR
KIM,,OCC-KIM-013,KIM-13,36,-5.43687,150.09748,CORALTRI,Inactive,STR
KIM,,OCC-KIM-014,KIM-05,8.8,-5.20141,150.37778,CORALTRI,Inactive,STR
KIM,,OCC-KIM-015,KIM-05,0.9,-5.20151,150.37765,CORALTRI,Inactive,STR
KIM,,OCC-KIM-016,KIM-14,10.7,-5.0901,150.19177,CORALTRI,Inactive,STR
KIM,,OCC-KIM-017,KIM-15,2.7,-5.0901,150.19177,CORALTRI,Inactive,STR
KIM,,OCC-KIM-018,KIM-02,22.6,-5.29492,150.12813,CORALTRI,Inactive,STR
KIM,,OCC-KIM-019,KIM-02,8.8,-5.29492,150.12833,CORALTRI,Inactive,STR
KIM,,OCC-KIM-020,KIM-16,19.2,-5.43688,150.09748,CORALTRI,Inactive,STR
KIM,,OCC-KIM-021,KIM-17,7.3,-5.43687,150.09748,CORALTRI,Inactive,STR
KIM,,OCC-KIM-022,KIM-18,0,-5.43688,150.09682,CORALTRI,Inactive,STR
KIN,KIN-N,OCC-KIN-001,KIN-5002,25.3,6.43938,-162.38783,PRIA,Active,STR
KIN,KIN-N,OCC-KIN-002,KIN-04,14.3,6.43883,-162.38796,PRIA,Active,"STR, PH, CAU"
KIN,KIN-N,OCC-KIN-003,KIN-5003,6.1,6.43727,-162.38821,PRIA,Active,STR
KIN,KIN-N,OCC-KIN-004,KIN-5004,0.9,6.42955,-162.38203,PRIA,Active,STR
KIN,,OCC-KIN-005,KIN-16,7,6.39252,-162.34211,PRIA,Active,"STR, ANCHOR, CAU"
KIN,,OCC-KIN-006,KIN-11,14.6,6.38198,-162.3462,PRIA,Active,CAU
KIN,,OCC-KIN-007,KIN-5005,7.3,6.38263,-162.3593,PRIA,Active,"STR, RCM, ANCHOR"
KIN,KIN-S,OCC-KIN-008,KIN-13,23.8,6.38213,-162.38403,PRIA,Active,STR
KIN,KIN-S,OCC-KIN-009,KIN-13,13.4,6.38221,-162.38397,PRIA,Active,"STR, PH, RAS, ANCHOR, CTD, CAU"
KIN,KIN-S,OCC-KIN-010,KIN-5006,5.8,6.38272,-162.38434,PRIA,Active,"STR, EAR, ANCHOR"
KIN,KIN-S,OCC-KIN-011,KIN-5007,1.5,6.38486,-162.37757,PRIA,Active,STR
KIN,KIN-W,OCC-KIN-012,KIN-5008,24.7,6.4188,-162.43903,PRIA,Active,STR
KIN,KIN-W,OCC-KIN-013,KIN-5009,14.6,6.41777,-162.43824,PRIA,Active,STR
KIN,,OCC-KIN-014,KIN-62,14.6,6.40219,-162.38563,PRIA,Active,"STR, CAU"
KIN,KIN-W,OCC-KIN-015,KIN-5010,17.7,6.41823,-162.43863,PRIA,Inactive,STR
KIN,KIN-W,OCC-KIN-016,KIN-5011,33.5,6.41887,-162.43914,PRIA,Inactive,STR
KIN,KIN-N,OCC-KIN-017,KIN-5012,7.9,6.43323,-162.37972,PRIA,Inactive,STR
KIN,KIN-N,OCC-KIN-018,KIN-5013,5.2,6.42893,-162.38178,PRIA,Inactive,STR
KIN,KIN-S,OCC-KIN-019,KIN-12,3.7,6.38553,-162.3774,PRIA,Inactive,STR
KIN,,OCC-KIN-020,KIN-07,10.1,6.40219,-162.38522,PRIA,Inactive,"STR, CAU"
KIN,,OCC-KIN-021,KIN-16,0.2,6.39242,-162.34221,PRIA,Inactive,"SST-STR, EDL, SBE37"
KIN,,OCC-KIN-022,KIN-03,13.7,6.39025,-162.3604,PRIA,Inactive,CAU
KIN,,OCC-KIN-023,KIN-05,13.4,6.3947,-162.3463,PRIA,Inactive,"VR2, CAU"
KIN,,OCC-KIN-024,KIN-10,12.5,6.42038,-162.37942,PRIA,Inactive,CAU
KIN,,OCC-KIN-025,KIN-5014,11.6,6.387837,-162.348217,PRIA,Inactive,VR2
KIN,,OCC-KIN-026,KIN-5015,9.1,6.389912,-162.345686,PRIA,Inactive,VR2
KIN,,OCC-KIN-027,KIN-5016,7.6,6.391385,-162.347612,PRIA,Inactive,VR2
KUR,KUR-N,OCC-KUR-001,KUR-B001,25.9,28.45922,-178.34614,NWHI,Active,STR
KUR,KUR-N,OCC-KUR-002,KUR-53,14.3,28.45291,-178.34711,NWHI,Active,"STR, CAU"
KUR,KUR-N,OCC-KUR-003,KUR-B003,4.3,28.45054,-178.34551,NWHI,Active,STR
KUR,,OCC-KUR-004,KUR-B004,0.9,28.44761,-178.30622,NWHI,Inactive,STR
KUR,KUR-E,OCC-KUR-005,KUR-B005,25.3,28.43043,-178.28252,NWHI,Inactive,STR
KUR,KUR-E,OCC-KUR-006,KUR-54,14.3,28.43037,-178.28523,NWHI,Inactive,"STR, CAU"
KUR,KUR-E,OCC-KUR-007,KUR-4131,5.5,28.42968,-178.28817,NWHI,Inactive,STR
KUR,,OCC-KUR-008,KUR-B008,18.3,28.39062,-178.28271,NWHI,Active,"STR, WTR, ANCHOR"
KUR,KUR-S,OCC-KUR-009,KUR-B009,24.7,28.38298,-178.34158,NWHI,Inactive,STR
KUR,KUR-S,OCC-KUR-010,KUR-52,14.3,28.38506,-178.34087,NWHI,Inactive,"ADP, STR, CAU"
KUR,KUR-S,OCC-KUR-011,KUR-B011,4.6,28.38721,-178.33932,NWHI,Inactive,STR
KUR,KUR-W,OCC-KUR-012,KUR-B012,25.3,28.41087,-178.38372,NWHI,Active,STR
KUR,KUR-W,OCC-KUR-013,KUR-51,15.2,28.40905,-178.3781,NWHI,Active,"STR, CAU"
KUR,KUR-W,OCC-KUR-014,KUR-B014,5.2,28.41285,-178.37441,NWHI,Active,STR
KUR,KUR-W,OCC-KUR-015,KUR-156,0.9,28.42935,-178.36836,NWHI,Active,STR
KUR,,OCC-KUR-016,KUR-50,15.5,28.42248,-178.37646,NWHI,Inactive,CAU
KUR,,OCC-KUR-017,KUR-4132,12.5,28.38172,-178.32572,NWHI,Inactive,"EAR, STR, ANCHOR"
KUR,,OCC-KUR-018,KUR-04,11.6,28.42665,-178.28588,NWHI,Inactive,"STR, CAU"
KUR,,OCC-KUR-019,KUR-4133,0.2,28.41813,-178.34326,NWHI,Inactive,"SST-STR, STR"
KUR,KUR-N,OCC-KUR-020,KUR-02,11.9,28.45365,-178.34399,NWHI,Inactive,"STR, CAU"
KUR,"
",OCC-KUR-021,KUR-33,15.8,28.41676,-178.37843,NWHI,Inactive,"STR, CAU"
KUR,,OCC-KUR-022,KUR-4134,9.8,28.41822,-178.34322,NWHI,Inactive,"STR, ANCHOR"
KUR,KUR-NW,OCC-KUR-023,KUR-23,19.8,28.45152,-178.35621,NWHI,Inactive,"WTR, STR, ANCHOR"
KUR,,OCC-KUR-024,KUR-4135,2.4,28.45212,-178.31524,NWHI,Inactive,EAR
KUR,,OCC-KUR-025,KUR-18,10.1,28.41852,-178.34453,NWHI,Inactive,"STR, ANCHOR"
KUR,,OCC-KUR-026,KUR-18,1,28.41852,-178.34453,NWHI,Inactive,"SBE37, EDL, STR"
KUR,KUR-NW,OCC-KUR-027,KUR-4136,27.1,28.45218,-178.3572,NWHI,Inactive,WTR
KUR,,OCC-KUR-028,KUR-B008,14.9,28.39077,-178.28297,NWHI,Inactive,WTR
KUR,KUR-NW,OCC-KUR-029,KUR-4137,27.7,28.4297,-178.3778,NWHI,Inactive,"SBE37, ADP"
KUR,,OCC-KUR-030,KUR-06,9.8,28.3867,-178.34777,NWHI,Inactive,CAU
KUR,KUR-NW,OCC-KUR-031,KUR-12,10.1,28.38252,-178.32473,NWHI,Inactive,CAU
KUR,,OCC-KUR-032,KUR-4138,26.95,28.45285,-178.3572,NWHI,Inactive,WTR
KUR,,OCC-KUR-033,KUR-4139,68.3,28.32761666,-178.2206833,NWHI,Inactive,EAR
KUR,,OCC-KUR-034,KUR-4140,123,28.334722,178.255278,NWHI,Inactive,EAR
LAN,,OCC-LAN-001,LAN-11,13.7,20.92656,-156.9386,MHI,Inactive,CAU
LAN,,OCC-LAN-002,LAN-10,14,20.91537,-156.88637,MHI,Inactive,CAU
LAN,LAN-S,OCC-LAN-003,LAN-12,14.6,20.73582,-156.91554,MHI,Active,"STR, CAU"
LAN,LAN-S,OCC-LAN-004,LAN-2081,5.5,20.73726,-156.91578,MHI,Active,STR
LAN,,OCC-LAN-005,LAN-B1827,14.3,20.8439,-156.81341,MHI,Inactive,"ADP, DO SENSOR, PAR, CTD"
LAN,,OCC-LAN-006,LAN-178,11.6,20.74155,-156.87525,MHI,Inactive,STR
LAN,,OCC-LAN-007,LAN-07,14.6,20.87052,-156.83466,MHI,Inactive,STR
LAN,,OCC-LAN-008,LAN-2082,13.1,20.87186,-156.83705,MHI,Inactive,STR
LAN,,OCC-LAN-009,LAN-2083,8.2,20.73729,-156.96869,MHI,Inactive,STR
LAY,,OCC-LAY-001,LAY-5179,1.2,25.77952,-171.73894,NWHI,Inactive,STR
LAY,,OCC-LAY-002,LAY-5180,1.2,25.75914,-171.72928,NWHI,Inactive,STR
LAY,,OCC-LAY-003,LAY-5181,3,25.77244,-171.74264,NWHI,Inactive,"STR, SST-STR, ANCHOR"
LAY,,OCC-LAY-004,LAY-5182,0.3,25.7729,-171.74252,NWHI,Inactive,SST-STR
LEH,,OCC-LEH-001,LEH-01,12.5,22.01659,-160.09139,MHI,Inactive,STR
LEH,,OCC-LEH-002,LEH-50,6.4,22.01453,-160.09705,MHI,Inactive,"STR, EAR"
LEH,,OCC-LEH-003,LEH-52,5.8,22.02216,-160.10124,MHI,Inactive,STR
LIS,LIS-N,OCC-LIS-001,LIS-19,23.2,26.10017,-173.99797,NWHI,Active,"STR, WTR, ANCHOR, EAR"
LIS,LIS-N,OCC-LIS-002,LIS-24,14,26.07841,-173.99706,NWHI,Active,"STR, CAU"
LIS,LIS-N,OCC-LIS-003,LIS-B003,4.6,26.07868,-173.98471,NWHI,Active,STR
LIS,LIS-E,OCC-LIS-004,LIS-4394,26.2,26.03759,-173.87772,NWHI,Inactive,STR
LIS,LIS-E,OCC-LIS-005,LIS-50,16.8,26.03741,-173.87918,NWHI,Inactive,"STR, CAU"
LIS,LIS-E,OCC-LIS-006,LIS-4395,4.6,26.03716,-173.918,NWHI,Inactive,STR
LIS,LIS-S,OCC-LIS-007,LIS-B008,26.2,25.93468,-173.89113,NWHI,Active,STR
LIS,LIS-S,OCC-LIS-008,LIS-52,16.8,25.93496,-173.89106,NWHI,Active,"STR, CAU"
LIS,LIS-S,OCC-LIS-009,LIS-4396,5.8,25.95712,-173.89614,NWHI,Active,STR
LIS,,OCC-LIS-010,LIS-4397,9.8,25.96764,-173.91587,NWHI,Active,"STR, ANCHOR"
LIS,,OCC-LIS-011,LIS-53,16.8,25.93831,-173.95396,NWHI,Inactive,CAU
LIS,LIS-W,OCC-LIS-012,LIS-B012,24.1,25.98816,-174.03303,NWHI,Active,STR
LIS,LIS-W,OCC-LIS-013,LIS-54,14.6,25.98711,-173.99438,NWHI,Active,"STR, CAU"
LIS,LIS-W,OCC-LIS-014,LIS-B014,4.6,25.98788,-173.966,NWHI,Active,STR
LIS,,OCC-LIS-016,LIS-4398,0.9,25.96765,-173.91585,NWHI,Inactive,"STR, SST-STR, EDL"
LIS,,OCC-LIS-017,LIS-4399,0.9,26.07193,-173.97743,NWHI,Inactive,STR
LIS,,OCC-LIS-018,LIS-20,13.4,25.94462,-173.95362,NWHI,Inactive,"STR, CAU"
LIS,LIS-S,OCC-LIS-019,LIS-4400,20.4,25.94302,-173.88414,NWHI,Inactive,"WTR, STR, ANCHOR"
LIS,,OCC-LIS-020,LIS-4401,0.9,26.06333,-173.96099,NWHI,Inactive,STR
LIS,LIS-S,OCC-LIS-021,LIS-4402,14.9,25.94313,-173.88458,NWHI,Inactive,WTR
LIS,,OCC-LIS-022,LIS-09,14.3,25.95809,-173.88253,NWHI,Inactive,CAU
LIS,,OCC-LIS-023,LIS-18,7.6,26.00428,-173.99403,NWHI,Inactive,CAU
LIS,,OCC-LIS-024,LIS-29,7.3,26.03947,-174.01243,NWHI,Inactive,CAU
LIS,,OCC-LIS-025,LIS-4403,301,25.901833,-173.776166,NWHI,Inactive,EAR
MAI,MAI-NE,OCC-MAI-001,MAI-4040,25.3,20.87,-156.14526,MHI,Active,STR
MAI,MAI-NE,OCC-MAI-002,MAI-30,15.2,20.86857,-156.14629,MHI,Active,"STR, CAU"
MAI,,OCC-MAI-003,MAI-02,12.8,20.86313,-156.15132,MHI,Inactive,CAU
MAI,,OCC-MAI-004,MAI-01,9.8,20.7623,-155.9798,MHI,Inactive,CAU
MAI,,OCC-MAI-005,MAI-07,13.7,21.00743,-156.66772,MHI,Active,CAU
MAI,,OCC-MAI-006,MAI-91,5.8,20.95183,-156.69184,MHI,Active,STR
MAI,,OCC-MAI-007,MAI-928,6.1,20.96018,-156.68773,MHI,Active,STR
MAI,,OCC-MAI-008,MAI-932,6.4,20.90962,-156.69195,MHI,Inactive,STR
MAI,,OCC-MAI-009,MAI-4041,6.4,20.90155,-156.69202,MHI,Inactive,STR
MAI,,OCC-MAI-010,MAI-4042,14.9,20.59194,-156.42031,MHI,Inactive,"EAR, ANCHOR, STR"
MAI,,OCC-MAI-011,MAI-4043,11.9,20.79081,-156.58445,MHI,Inactive,STR
MAI,,OCC-MAI-012,MAI-4044,12.2,21.01738,-156.64296,MHI,Inactive,STR
MAI,MAI-NE,OCC-MAI-013,MAI-4045,15.2,20.8645,-156.1512,MHI,Inactive,STR
MAI,,OCC-MAI-014,MAI-4281,10.1,20.80346,-156.6028,MHI,Active,STR
MAI,,OCC-MAI-015,MAI-4282,9.8,20.7863,-156.55809,MHI,Active,STR
MAR_,,OCC-MAR-001,MAR_-4100,4.6,25.36693,-170.51374,NWHI,Inactive,STR
MAR_,,OCC-MAR-002,MAR_-4101,1.5,25.3841,-170.53972,NWHI,Inactive,STR
MAR_,,OCC-MAR-003,MAR_-42,14.3,25.4713,-170.64291,NWHI,Inactive,STR
MAR_,,OCC-MAR-004,MAR_-4102,14.6,25.44624,-170.63417,NWHI,Inactive,"STR, ANCHOR"
MAR_,,OCC-MAR-005,MAR_-4103,0.2,25.44624,-170.63417,NWHI,Inactive,"SST-STR, EDL"
MAR_,,OCC-MAR-006,MAR_-17,8.4,25.44642,-170.63378,NWHI,Inactive,"ANCHOR, STR"
MAR_,,OCC-MAR-007,MAR_-17,1,25.44652,-170.63382,NWHI,Inactive,"SBE37, STR, EDL"
MAR_,,OCC-MAR-008,MAR_-4104,11.6,25.41957,-170.66913,NWHI,Inactive,"EAR, STR, ANCHOR"
MAU,MAU-N,OCC-MAU-001,MAU-293,25.6,20.03657,145.225,CNMI,Active,STR
MAU,MAU-N,OCC-MAU-002,MAU-05,13.7,20.03567,145.2247,CNMI,Active,"STR, CAU"
MAU,MAU-N,OCC-MAU-003,MAU-1013,6.7,20.03479,145.22467,CNMI,Active,STR
MAU,MAU-E,OCC-MAU-004,MAU-635,25,20.02022,145.24041,CNMI,Active,STR
MAU,MAU-E,OCC-MAU-005,MAU-12,14.9,20.02039,145.23978,CNMI,Active,"STR, CAU"
MAU,MAU-E,OCC-MAU-006,MAU-12,5.2,20.02056,145.23946,CNMI,Active,STR
MAU,MAU-SW,OCC-MAU-007,MAU-621,25.9,20.01235,145.20778,CNMI,Active,STR
MAU,MAU-SW,OCC-MAU-008,MAU-20,16.2,20.01315,145.20806,CNMI,Active,"STR, CAU"
MAU,MAU-SW,OCC-MAU-009,MAU-1014,6.1,20.0142,145.20909,CNMI,Active,STR
MAU,MAU-SW,OCC-MAU-010,MAU-1015,1.8,20.01442,145.20954,CNMI,Active,STR
MAU,MAU-W,OCC-MAU-011,MAU-1016,9.8,20.01768,145.20729,CNMI,Active,STR
MAU,MAU-W,OCC-MAU-012,MAU-1017,2.1,20.01778,145.20767,CNMI,Active,STR
MAU,,OCC-MAU-013,MAU-09,13.4,20.02979,145.20846,CNMI,Active,CAU
MAU,,OCC-MAU-014,MAU-21,14.6,20.03525,145.2173,CNMI,Active,CAU
MAU,,OCC-MAU-015,MAU-89,11.3,20.02915,145.23196,CNMI,Active,"STR, ANCHOR"
MAU,,OCC-MAU-016,MAU-88,9.1,20.02319,145.22986,CNMI,Active,"STR, PH, ADP, CTD, CAU"
MAU,,OCC-MAU-017,MAU-86,12.8,20.01399,145.22727,CNMI,Active,"STR, ADP, EAR, ANCHOR"
MAU,,OCC-MAU-018,MAU-02,8.5,20.0225,145.2297,CNMI,Active,"CTD, PH, CAU"
MAU,,OCC-MAU-019,MAU-86,10.4,20.014,145.2275,CNMI,Active,"CTD, PH, ADP, CAU"
MAU,,OCC-MAU-020,MAU-78,17.7,20.03045,145.23123,CNMI,Inactive,ADP
MAU,,OCC-MAU-021,MAU-1018,10.1,20.02584,145.23169,CNMI,Inactive,ADP
MAU,,OCC-MAU-022,MAU-51,14.9,20.01786,145.22972,CNMI,Inactive,ADP
MAU,,OCC-MAU-023,MAU-02,14.3,20.02291,145.22973,CNMI,Inactive,"RAS, ADP, CTD, ANCHOR"
MAU,MAU-W,OCC-MAU-024,MAU-1019,30.8,20.01791,145.20719,CNMI,Inactive,STR
MAU,,OCC-MAU-025,MAU-89,0.3,20.02908,145.23197,CNMI,Inactive,SST-STR
MAU,,OCC-MAU-026,MAU-01,17.1,20.02332,145.2075,CNMI,Inactive,"EAR, ANCHOR, STR"
MAU,,OCC-MAU-027,MAU-04,9.7,20.0144,145.23418,CNMI,Inactive,CAU
MAU,MAU-SW,OCC-MAU-028,MAU-11,8.5,20.01348,145.20873,CNMI,Inactive,CAU
MID,MID-S,OCC-MID-001,MID-17,14.6,28.19633,-177.37494,NWHI,Inactive,"STR, EAR, ANCHOR"
MID,MID-NW,OCC-MID-002,MID-4424,29.3,28.23193,-177.42968,NWHI,Inactive,"STR, SBE37, ADP, ANCHOR"
MID,MID-NW,OCC-MID-003,MID-4425,1.8,28.21826,-177.42181,NWHI,Inactive,ADP
MID,MID-NW,OCC-MID-004,MID-4426,9.8,28.21783,-177.42496,NWHI,Inactive,WTR
MID,MID-NW,OCC-MID-005,MID-4427,18.9,28.21867,-177.42702,NWHI,Inactive,WTR
MID,,OCC-MID-006,MID-25,1.5,28.19365,-177.40179,NWHI,Inactive,STR
MID,,OCC-MID-007,MID-4428,1.2,28.27117,-177.38602,NWHI,Inactive,STR
MID,,OCC-MID-008,MID-4429,0.9,28.27762,-177.36787,NWHI,Inactive,STR
MID,,OCC-MID-009,MID-4430,1.2,28.24449,-177.32343,NWHI,Inactive,STR
MID,,OCC-MID-010,MID-03,0.2,28.218,-177.3443,NWHI,Inactive,"SST-STR, SBE37, EDL"
MID,,OCC-MID-011,MID-03,9.3,28.218,-177.3443,NWHI,Inactive,"ANCHOR, STR"
MID,MID-NW,OCC-MID-012,MID-4431,24.1,28.23015,-177.42612,NWHI,Inactive,"SBE37, ADP"
MID,,OCC-MID-013,MID-17,18.9,28.19633226,-177.3749381,NWHI,Inactive,EAR
MOI,MOI-S,OCC-MOI-001,MOI-04,10.7,20.63027,-156.49716,MHI,Inactive,STR
MOI,MOI-S,OCC-MOI-002,MOI-05,18.6,20.6303,-156.49718,MHI,Inactive,STR
MOL,,OCC-MOL-001,MOL-24,14.6,21.20709,-156.9847,MHI,Active,CAU
MOL,MOL-N,OCC-MOL-002,MOL-2498,24.7,21.17867,-156.76055,MHI,Active,STR
MOL,MOL-N,OCC-MOL-003,MOL-23,14.6,21.17693,-156.76049,MHI,Active,"STR, CAU"
MOL,MOL-N,OCC-MOL-004,MOL-2499,4.9,21.17579,-156.76071,MHI,Active,STR
MOL,,OCC-MOL-005,MOL-20,13.1,21.03569,-156.89041,MHI,Active,CAU
MOL,,OCC-MOL-006,MOL-21,16.2,21.08295,-157.06422,MHI,Active,CAU
MOL,MOL-W,OCC-MOL-007,MOL-2500,25.3,21.13468,-157.30589,MHI,Active,STR
MOL,MOL-W,OCC-MOL-008,MOL-22,15.8,21.13402,-157.30025,MHI,Active,"STR, CAU"
MOL,,OCC-MOL-009,MOL-2501,4.9,21.13317,-157.29747,MHI,Active,STR
MOL,,OCC-MOL-011,MOL-2502,19.5,21.08094,-157.26696,MHI,Inactive,STR
MOL,,OCC-MOL-012,MOL-01,9.8,21.20308,-157.2524,MHI,Inactive,STR
NEC,,OCC-NEC-001,NEC-600,17.1,23.57152,-164.69775,NWHI,Inactive,STR
NEC,,OCC-NEC-002,NEC-601,0.3,23.57152,-164.69775,NWHI,Inactive,"STR, SST-STR"
NEC,,OCC-NEC-003,NEC-602,24.9,23.56792,-164.71215,NWHI,Inactive,"SBE37, ADP"
NII,,OCC-NII-001,NII-10,15.8,21.9414,-160.07005,MHI,Active,CAU
NII,NII-W,OCC-NII-002,NII-2595,26.2,21.90175,-160.23764,MHI,Active,STR
NII,NII-W,OCC-NII-003,NII-11,15.8,21.89751,-160.23392,MHI,Active,"STR, CAU"
NII,NII-W,OCC-NII-004,NII-2596,4.9,21.89307,-160.23002,MHI,Inactive,STR
NII,,OCC-NII-005,NII-2597,12.5,21.95128,-160.06176,MHI,Inactive,STR
NII,,OCC-NII-006,NII-2598,11.6,21.87551,-160.12165,MHI,Inactive,STR
OAH,OAH-N,OCC-OAH-001,OAH-4003,24.7,21.59243,-158.17472,MHI,Active,STR
OAH,OAH-N,OCC-OAH-002,OAH-20,14,21.59095,-158.17467,MHI,Inactive,"STR, CAU"
OAH,,OCC-OAH-003,OAH-4004,5.5,21.58088,-158.16856,MHI,Inactive,STR
OAH,OAH-E,OCC-OAH-004,OAH-4005,24.1,21.48306,-157.78075,MHI,Active,STR
OAH,OAH-E,OCC-OAH-005,OAH-22,12.5,21.47979,-157.783,MHI,Active,"STR, CAU"
OAH,OAH-E,OCC-OAH-006,OAH-2983,5.5,21.47358,-157.78802,MHI,Active,STR
OAH,OAH-E,OCC-OAH-007,OAH-19,2.1,21.45862,-157.79865,MHI,Active,"STR, CAU"
OAH,,OCC-OAH-008,OAH-24,14.6,21.26184,-157.76547,MHI,Inactive,CAU
OAH,OAH-S,OCC-OAH-009,OAH-4006,26.5,21.28485,-157.86787,MHI,Active,STR
OAH,OAH-S,OCC-OAH-010,OAH-23,12.2,21.28842,-157.86533,MHI,Active,"STR, CAU"
OAH,OAH-S,OCC-OAH-011,OAH-4007,4.9,21.28994,-157.86376,MHI,Active,STR
OAH,,OCC-OAH-012,OAH-25,14.6,21.53408,-158.23439,MHI,Active,"STR, CAU"
OAH,OAH-SW,OCC-OAH-013,OAH-21,26.8,21.30573,-158.12658,MHI,Inactive,STR
OAH,OAH-SW,OCC-OAH-014,OAH-21,15.2,21.30566,-158.12623,MHI,Inactive,"STR, CAU"
OAH,OAH-SW,OCC-OAH-015,OAH-4008,5.2,21.30949,-158.11841,MHI,Inactive,STR
OAH,,OCC-OAH-016,OAH-4009,10.1,21.54276805,-158.2403804,MHI,Inactive,"EAR, ANCHOR"
OAH,OAH-W,OCC-OAH-018,OAH-4010,19.3,21.53199,-158.23437,MHI,Inactive,"EAR, STR, ANCHOR"
OAH,,OCC-OAH-019,OAH-4011,14,21.53193,-158.23304,MHI,Inactive,"ANCHOR, STR"
OAH,,OCC-OAH-020,OAH-4012,10.1,21.54242,-158.24008,MHI,Inactive,"ANCHOR, STR, EAR"
OAH,,OCC-OAH-021,OAH-4013,9.4,21.54238,-158.24011,MHI,Inactive,STR
OAH,,OCC-OAH-022,OAH-4014,3.7,21.43256,-157.78922,MHI,Inactive,EAR
OAH,,OCC-OAH-023,OAH-4015,17.5,21.35468,-158.13686,MHI,Inactive,"EAR, STR, ANCHOR"
OAH,,OCC-OAH-024,OAH-4016,13.8,21.44143,-158.198,MHI,Inactive,"EAR, STR, ANCHOR"
OAH,,OCC-OAH-025,OAH-4017,49.5,21.40412,-158.20095,MHI,Inactive,EAR
OAH,,OCC-OAH-026,OAH-4018,15.9,21.56837,-158.27493,MHI,Inactive,"STR, EAR"
OAH,,OCC-OAH-027,OAH-4019,7,21.47083,-157.82638,MHI,Inactive,EAR
OAH,,OCC-OAH-028,OAH-4020,6.4,21.43647,-157.79142,MHI,Inactive,EAR
OAH,,OCC-OAH-029,OAH-4021,7.6,21.61408,-157.91017,MHI,Inactive,STR
OAH,,OCC-OAH-030,OAH-05,7.3,21.4601,-158.21747,MHI,Inactive,STR
OAH,OAH-N,OCC-OAH-031,OAH-4022,14.6,21.58889,-158.17517,MHI,Inactive,STR
OAH,OAH-N,OCC-OAH-032,OAH-4023,4.9,21.58886,-158.17535,MHI,Inactive,STR
OAH,,OCC-OAH-033,OAH-01,13.1,21.3118,-158.1273,MHI,Inactive,CAU
OAH,OAH-W,OCC-OAH-034,OAH-04,13.1,21.5337,-158.2333,MHI,Inactive,CAU
OAH,,OCC-OAH-035,OAH-10,14.6,21.6121,-158.1113,MHI,Inactive,CAU
OAH,,OCC-OAH-036,OAH-471,13.1,21.50841,-157.80516,MHI,Inactive,CAU
OAH,,OCC-OAH-037,OAH-4024,10.1,21.53192681,-158.23304,MHI,Inactive,EAR
OFU,OFU-NW,OCC-OFU-001,OFU-1055,24.7,-14.15688,-169.67421,AMSM,Active,STR
OFU,OFU-NW,OCC-OFU-002,OFU-09,14.6,-14.15754,-169.67419,AMSM,Active,"STR, CAU"
OFU,OFU-NW,OCC-OFU-003,OFU-1056,6.1,-14.15876,-169.67412,AMSM,Active,STR
OFU,,OCC-OFU-004,OFU-01,13.4,-14.16463,-169.65568,AMSM,Active,CAU
OFU,OFU-N,OCC-OFU-005,OLO-05,14.3,-14.16373,-169.62435,AMSM,Active,CAU
OFU,,OCC-OFU-006,OLO-01,14.6,-14.16844,-169.60788,AMSM,Active,CAU
OFU,OFU-SE,OCC-OFU-007,OLO-04,14.3,-14.18128,-169.62683,AMSM,Active,CAU
OFU,OFU-S,OCC-OFU-008,OFU-54,24.1,-14.18075,-169.65201,AMSM,Active,STR
OFU,OFU-S,OCC-OFU-009,OFU-54,14.6,-14.18054,-169.65208,AMSM,Active,"STR, CAU"
OFU,OFU-S,OCC-OFU-010,OFU-54,5.8,-14.18025,-169.65221,AMSM,Active,STR
OFU,OFU-S,OCC-OFU-011,OFU-1057,0.9,-14.17771,-169.65262,AMSM,Active,STR
OFU,OFU-SW,OCC-OFU-012,OFU-03,14.6,-14.1865,-169.6602,AMSM,Active,CAU
OFU,OFU-W,OCC-OFU-013,OFU-1058,24.4,-14.17543,-169.68344,AMSM,Active,STR
OFU,OFU-W,OCC-OFU-014,OFU-06,13.7,-14.17421,-169.68195,AMSM,Active,"STR, CAU"
OFU,OFU-W,OCC-OFU-015,OFU-1059,0.6,-14.17269,-169.68012,AMSM,Inactive,STR
OFU,OFU-W,OCC-OFU-016,OFU-765,4.3,-14.17369,-169.68099,AMSM,Inactive,STR
OFU,OFU-N,OCC-OFU-017,OFU-1060,5.8,-14.16395,-169.6249,AMSM,Inactive,STR
OFU,OFU-S,OCC-OFU-018,OFU-54,29.6,-14.18073,-169.65176,AMSM,Inactive,STR
OFU,OFU-SE,OCC-OFU-019,OFU-1061,11.6,-14.18175,-169.62658,AMSM,Inactive,STR
OFU,OFU-W,OCC-OFU-020,OFU-06,8.2,-14.1737,-169.68165,AMSM,Inactive,STR
OFU,OFU-S,OCC-OFU-021,OFU-54,18.9,-14.18065,-169.652,AMSM,Inactive,"ANCHOR, STR"
OFU,,OCC-OFU-022,OFU-54,0.2,-14.18065,-169.652,AMSM,Inactive,SST-STR
OFU,OFU-SW,OCC-OFU-023,OFU-1062,1.5,-14.1829,-169.65947,AMSM,Inactive,STR
OFU,,OCC-OFU-024,OFU-02,17.1,-14.1846,-169.67602,AMSM,Inactive,CAU
OFU,,OCC-OFU-025,OFU-04,14.9,-14.17737,-169.64957,AMSM,Inactive,CAU
PAG,PAG-N,OCC-PAG-001,PAG-1067,25.6,18.16913,145.79535,CNMI,Active,STR
PAG,PAG-N,OCC-PAG-002,PAG-21,14.6,18.16788,145.79494,CNMI,Active,"STR, CAU"
PAG,PAG-N,OCC-PAG-003,PAG-21,7.3,18.16754,145.79482,CNMI,Active,STR
PAG,,OCC-PAG-004,PAG-1068,0.6,18.10294,145.76781,CNMI,Active,STR
PAG,PAG-E,OCC-PAG-005,PAG-1069,24.7,18.09539,145.76544,CNMI,Active,STR
PAG,PAG-E,OCC-PAG-006,PAG-13,15.5,18.09609,145.76487,CNMI,Active,"STR, CAU"
PAG,PAG-E,OCC-PAG-007,PAG-1070,6.1,18.09643,145.76412,CNMI,Active,STR
PAG,PAG-S,OCC-PAG-008,PAG-301,26.2,18.04462,145.70502,CNMI,Active,STR
PAG,PAG-S,OCC-PAG-009,PAG-20,15.5,18.04561,145.70621,CNMI,Active,"STR, CAU"
PAG,PAG-S,OCC-PAG-010,PAG-1071,5.2,18.04588,145.70751,CNMI,Active,STR
PAG,,OCC-PAG-011,PAG-23,15.8,18.09755,145.751,CNMI,Active,CAU
PAG,PAG-W,OCC-PAG-012,PAG-1072,24.4,18.1205,145.75339,CNMI,Active,STR
PAG,PAG-W,OCC-PAG-013,PAG-22,17.4,18.12019,145.75458,CNMI,Active,"STR, EAR, ANCHOR, CAU"
PAG,PAG-W,OCC-PAG-014,PAG-1073,5.8,18.12099,145.75678,CNMI,Active,STR
PAG,PAG-W,OCC-PAG-015,PAG-1074,1.8,18.12264,145.75743,CNMI,Active,STR
PAG,PAG-W,OCC-PAG-016,PAG-22,13.7,18.12009,145.75468,CNMI,Inactive,"ADP, PH, CTD"
PAG,,OCC-PAG-017,PAG-1075,18.9,18.04578,145.72202,CNMI,Inactive,STR
PAG,,OCC-PAG-018,PAG-1076,0.3,18.12726,145.75751,CNMI,Inactive,SST-STR
PAG,,OCC-PAG-019,PAG-1077,5.8,18.12726,145.75751,CNMI,Inactive,"ANCHOR, STR"
PAG,,OCC-PAG-020,PAG-01,10.5,18.10722,145.78577,CNMI,Inactive,CAU
PAG,,OCC-PAG-021,PAG-03,10.9,18.16832,145.78795,CNMI,Inactive,CAU
PAG,,OCC-PAG-022,PAG-05,11.9,18.11945,145.75567,CNMI,Inactive,CAU
PAG,,OCC-PAG-023,PAG-09,12.9,18.07068,145.71363,CNMI,Inactive,CAU
PAL,PAL-N,OCC-PAL-001,PAL-64,29.6,5.89753,-162.07834,PRIA,Active,"ANCHOR, STR, BATTERY, ADP"
PAL,PAL-N,OCC-PAL-002,PAL-64,25.6,5.89748,-162.07832,PRIA,Active,STR
PAL,PAL-N,OCC-PAL-003,PAL-64,14.6,5.89736,-162.07817,PRIA,Active,"STR, CAU"
PAL,PAL-N,OCC-PAL-004,PAL-773,7,5.89694,-162.07788,PRIA,Active,STR
PAL,PAL-E,OCC-PAL-005,PAL-689,25.9,5.87613,-162.00195,PRIA,Active,STR
PAL,PAL-E,OCC-PAL-006,PAL-5001,15.2,5.87565,-162.00354,PRIA,Active,STR
PAL,PAL-SE,OCC-PAL-007,PAL-5002,24.7,5.86356,-162.03067,PRIA,Active,STR
PAL,PAL-SE,OCC-PAL-008,PAL-25,13.4,5.86383,-162.0306,PRIA,Active,"STR, CAU"
PAL,PAL-SE,OCC-PAL-009,PAL-5003,4.9,5.8745,-162.04035,PRIA,Active,"STR, ANCHOR"
PAL,PAL-SE,OCC-PAL-010,PAL-15,1.5,5.87031,-162.04511,PRIA,Active,"STR, STPR"
PAL,PAL-S,OCC-PAL-011,PAL-65,24.4,5.86945,-162.07533,PRIA,Active,STR
PAL,PAL-S,OCC-PAL-012,PAL-65,14.3,5.86961,-162.07511,PRIA,Active,"STR, CAU"
PAL,PAL-S,OCC-PAL-013,PAL-5004,4.9,5.87014,-162.07512,PRIA,Active,STR
PAL,PAL-SSW,OCC-PAL-014,PAL-19,13.7,5.8664,-162.10997,PRIA,Active,"CTD, ADP, PH, CAU"
PAL,PAL-SW,OCC-PAL-015,PAL-26,15.2,5.86408,-162.12689,PRIA,Active,"STR, EAR, RAS, CTD, ANCHOR, CAU"
PAL,PAL-W,OCC-PAL-016,PAL-5005,24.7,5.88398,-162.16889,PRIA,Active,STR
PAL,PAL-W,OCC-PAL-017,PAL-11,14.9,5.88323,-162.13318,PRIA,Active,"STR, CAU"
PAL,PAL-W,OCC-PAL-018,PAL-5006,4.6,5.88245,-162.12136,PRIA,Active,STR
PAL,PAL-NW,OCC-PAL-019,PAL-05,13.7,5.8956,-162.13792,PRIA,Inactive,CAU
PAL,,OCC-PAL-020,PAL-12,14.6,5.89737,-162.10798,PRIA,Inactive,CAU
PAL,PAL-NW,OCC-PAL-021,PAL-5007,0.6,5.89189,-162.12245,PRIA,Active,STR
PAL,,OCC-PAL-022,PAL-5008,3.4,5.88606,-162.08609,PRIA,Active,STR
PAL,,OCC-PAL-027,PAL-65,30.5,5.86935,-162.07525,PRIA,Inactive,"ADP, BATTERY, ANCHOR, STR"
PAL,,OCC-PAL-028,PAL-64,10.1,5.89713,-162.07829,PRIA,Inactive,STR
PAL,,OCC-PAL-029,PAL-64,19.2,5.89737,-162.07834,PRIA,Inactive,STR
PAL,PAL-EL,OCC-PAL-030,PAL-5009,4.3,5.88274,-162.06187,PRIA,Inactive,"ANCHOR, WTR, STR"
PAL,,OCC-PAL-031,PAL-65,10.7,5.86973,-162.07515,PRIA,Inactive,STR
PAL,,OCC-PAL-032,PAL-65,19.5,5.86953,-162.07517,PRIA,Inactive,STR
PAL,,OCC-PAL-033,PAL-5010,0.2,5.87447,-162.04042,PRIA,Inactive,SST-STR
PAL,PAL-E,OCC-PAL-034,PAL-5011,20.7,5.87611,-162.00237,PRIA,Inactive,"STR, SBE37"
PAL,PAL-E,OCC-PAL-035,PAL-5012,32.6,5.87637,-162.00206,PRIA,Inactive,STR
PAL,PAL-W,OCC-PAL-036,PAL-5013,19.2,5.88382,-162.16857,PRIA,Inactive,"STR, SBE37"
PAL,PAL-W,OCC-PAL-037,PAL-5014,32.9,5.88407,-162.16909,PRIA,Inactive,STR
PAL,PAL-EL,OCC-PAL-038,PAL-5015,25.6,5.88207,-162.06235,PRIA,Inactive,STR
PAL,,OCC-PAL-039,PAL-5016,3.7,5.88365,-162.09205,PRIA,Inactive,"WTR, ANCHOR"
PAL,PAL-NE,OCC-PAL-040,PAL-5017,10.1,5.88281,-162.0342,PRIA,Inactive,STR
PAL,PAL-NE,OCC-PAL-041,PAL-5018,10.4,5.88243,-162.033,PRIA,Inactive,STR
PAL,PAL-NE,OCC-PAL-042,PAL-5019,14.6,5.88277,-162.03299,PRIA,Inactive,STR
PAL,PAL-NE,OCC-PAL-043,PAL-5020,19.5,5.88292,-162.03292,PRIA,Inactive,"ADP, BATTERY, SBE37, ANCHOR"
PAL,PAL-SE,OCC-PAL-044,PAL-5021,10.1,5.86445,-162.03178,PRIA,Inactive,STR
PAL,PAL-SE,OCC-PAL-045,PAL-5022,10.1,5.86426,-162.0307,PRIA,Inactive,STR
PAL,PAL-SE,OCC-PAL-046,PAL-5023,18.9,5.86366,-162.03059,PRIA,Inactive,"ADP, BATTERY, ANCHOR, SBE37"
PAL,PAL-SSW,OCC-PAL-047,FR-3,19.5,5.86645,-162.11363,PRIA,Inactive,STR
PAL,PAL-SSW,OCC-PAL-048,PAL-5024,12.2,5.86655,-162.11275,PRIA,Inactive,STR
PAL,PAL-SSW,OCC-PAL-049,FR-3,14,5.86648,-162.11362,PRIA,Inactive,"PH, STR, CAU"
PAL,PAL-NW,OCC-PAL-050,PAL-5025,11.3,5.89639,-162.12811,PRIA,Inactive,"STR, PH"
PAL,PAL-NW,OCC-PAL-051,PAL-5026,10.4,5.89642,-162.12724,PRIA,Inactive,STR
PAL,PAL-NW,OCC-PAL-052,FR-9,14.6,5.89693,-162.12821,PRIA,Inactive,"STR, CAU"
PAL,PAL-NW,OCC-PAL-053,FR-9,21,5.89711,-162.12831,PRIA,Inactive,"SBE37, ADP, ANCHOR, BATTERY, STR"
PAL,PAL-SW,OCC-PAL-054,PAL-744,10.7,5.86671,-162.12723,PRIA,Inactive,STR
PAL,PAL-SW,OCC-PAL-055,PAL-5027,10.4,5.86666,-162.12653,PRIA,Inactive,STR
PAL,PAL-SW,OCC-PAL-056,PAL-5028,20.7,5.86087,-162.12671,PRIA,Inactive,"ADP, SBE37, ANCHOR, BATTERY"
PAL,,OCC-PAL-057,PAL-5029,9.1,5.88463,-162.10289,PRIA,Inactive,"STR, ANCHOR"
PAL,,OCC-PAL-058,PAL-5030,1,5.88463,-162.10289,PRIA,Inactive,"SBE37, STR, EDL"
PAL,PAL-EL,OCC-PAL-059,PAL-5031,15.8,5.88235,-162.06217,PRIA,Inactive,STR
PAL,,OCC-PAL-060,PAL-5032,0.2,5.88278,-162.06183,PRIA,Inactive,SST-STR
PAL,,OCC-PAL-061,PAL-01,10.7,5.86778,-162.06893,PRIA,Inactive,CAU
PAL,,OCC-PAL-062,PAL-17,19.8,5.87545,-162.13919,PRIA,Inactive,CAU
PAL,,OCC-PAL-063,PAL-21,13.6,5.89565,-162.0861,PRIA,Inactive,CAU
PAL,,OCC-PAL-064,RT-10,3.7,5.88856,-162.12433,PRIA,Inactive,CAU
PAL,,OCC-PAL-065,RT-4,5.5,5.88283,-162.12197,PRIA,Inactive,CAU
PEN,,OCC-PEN-001,PEN-01,250,21.00345,-157.7215,MHI,Inactive,EAR
PEN,,OCC-PEN-002,PEN-02,200,21.02095,-157.71997,MHI,Inactive,EAR
PEN,,OCC-PEN-003,PEN-03,150,21.02247,-157.76648,MHI,Inactive,EAR
PEN,,OCC-PEN-004,PEN-04,250,21.059,-157.68533,MHI,Inactive,EAR
PHI,,OCC-PHI-001,BAA-02,4.3,13.65879,120.89501,CORALTRI,Inactive,"STR, CAU"
PHI,,OCC-PHI-002,BAO-02,3.4,13.72788,120.8837,CORALTRI,Inactive,"STR, CAU"
PHI,,OCC-PHI-003,BAO-01,13.4,13.72805,120.88358,CORALTRI,Inactive,"STR, CAU"
PHI,,OCC-PHI-004,TWI-02,3.7,13.69069,120.88925,CORALTRI,Inactive,"STR, CAU"
PHI,,OCC-PHI-005,BAA-01,13.1,13.65885,120.89513,CORALTRI,Inactive,"STR, CAU"
PHI,,OCC-PHI-006,KOA-02,4.3,13.7166,120.87222,CORALTRI,Inactive,"STR, CAU"
PHI,,OCC-PHI-007,KOA-01,10.7,13.7166,120.87194,CORALTRI,Inactive,"SST-STR, CAU"
PHI,,OCC-PHI-008,ART-02,3.4,13.70814,120.87464,CORALTRI,Inactive,"STR, CAU"
PHI,,OCC-PHI-009,ART-01,11.6,13.70776,120.87432,CORALTRI,Inactive,"STR, CAU"
PHI,,OCC-PHI-010,TWI-01,16.5,13.69054,120.88903,CORALTRI,Inactive,"STR, CAU"
PHR,PHR-N,OCC-PHR-001,PHR-B001,23.8,27.94235,-175.86343,NWHI,Active,STR
PHR,PHR-N,OCC-PHR-002,PHR-52,15.8,27.94055,-175.86167,NWHI,Active,"STR, EAR, ANCHOR, CAU"
PHR,PHR-N,OCC-PHR-003,PHR-4328,6.1,27.93763,-175.86348,NWHI,Active,STR
PHR,,OCC-PHR-004,PHR-53,14.3,27.95493,-175.83582,NWHI,Inactive,CAU
PHR,,OCC-PHR-005,PHR-B003,0.9,27.95768,-175.78082,NWHI,Inactive,STR
PHR,PHR-E,OCC-PHR-006,PHR-4329,24.7,27.86587,-175.73026,NWHI,Inactive,STR
PHR,PHR-E,OCC-PHR-007,PHR-51,14.3,27.86679,-175.73358,NWHI,Inactive,"STR, CAU"
PHR,PHR-E,OCC-PHR-008,PHR-4330,4.6,27.86892,-175.73491,NWHI,Inactive,STR
PHR,,OCC-PHR-009,PHR-4331,1.5,27.80265,-175.7795,NWHI,Active,STR
PHR,PHR-S,OCC-PHR-010,PHR-4332,37.5,27.78175,-175.88087,NWHI,Active,"STR, ANCHOR"
PHR,PHR-S,OCC-PHR-011,PHR-4333,23.5,27.78202,-175.88103,NWHI,Active,"STR, SBE37, ADP, ANCHOR"
PHR,PHR-S,OCC-PHR-012,PHR-50,13.7,27.7824,-175.88199,NWHI,Active,"STR, CAU"
PHR,PHR-S,OCC-PHR-013,PHR-B013,4.9,27.7835,-175.88307,NWHI,Active,STR
PHR,,OCC-PHR-014,PHR-4334,0.9,27.77473,-175.9787,NWHI,Active,STR
PHR,PHR-W,OCC-PHR-015,PHR-B015,24.7,27.79587,-176.0086,NWHI,Active,STR
PHR,PHR-W,OCC-PHR-016,PHR-54,13.7,27.79309,-175.9971,NWHI,Active,"STR, CAU"
PHR,PHR-W,OCC-PHR-017,PHR-B017,5.2,27.79229,-175.99157,NWHI,Active,STR
PHR,,OCC-PHR-019,PHR-42,15.2,27.75313,-175.94894,NWHI,Inactive,"STR, CAU"
PHR,,OCC-PHR-020,PHR-4335,1.2,27.89801,-175.83139,NWHI,Inactive,STR
PHR,,OCC-PHR-021,PHR-4336,3,27.91184,-175.89431,NWHI,Inactive,STR
PHR,PHR-N,OCC-PHR-022,PHR-4337,35.7,27.94432,-175.86498,NWHI,Inactive,STR
PHR,,OCC-PHR-023,PHR-4338,11.6,27.79098,-175.86301,NWHI,Inactive,"STR, EAR, ANCHOR"
PHR,PHR-SE,OCC-PHR-024,PHR-36,13.7,27.78571,-175.78046,NWHI,Inactive,"STR, CAU"
PHR,,OCC-PHR-025,PHR-4339,0.2,27.85393,-175.81588,NWHI,Inactive,"SST-STR, STR, EDL, SBE37"
PHR,,OCC-PHR-026,PHR-4340,7.9,27.85393,-175.81588,NWHI,Inactive,"STR, ANCHOR"
PHR,PHR-E,OCC-PHR-027,PHR-4341,22.3,27.8662,-175.73118,NWHI,Inactive,STR
PHR,PHR-S,OCC-PHR-028,PHR-4342,19.5,27.78212,-175.88142,NWHI,Inactive,"RAS, CTD, ADP, ANCHOR, SBE37, BATTERY"
PHR,,OCC-PHR-029,PHR-4343,22.9,27.78486,-175.83974,NWHI,Inactive,STR
PHR,,OCC-PHR-030,PHR-4344,22.3,27.75967,-175.92632,NWHI,Inactive,STR
PHR,PHR-SE,OCC-PHR-031,PHR-4345,23.2,27.78194,-175.78349,NWHI,Inactive,STR
PHR,,OCC-PHR-032,PHR-4346,21.6,27.8218,-175.74816,NWHI,Inactive,STR
PHR,PHR-S,OCC-PHR-033,PHR-4347,26.5,27.78169,-175.88088,NWHI,Inactive,STR
PHR,,OCC-PHR-034,PHR-4348,13.7,27.78169,-175.88088,NWHI,Inactive,STR
PHR,,OCC-PHR-035,PHR-4349,1,27.85325,-175.81612,NWHI,Inactive,"EDL, SBE37"
PHR,,OCC-PHR-036,PHR-33,12.8,27.78547,-175.82375,NWHI,Inactive,CAU
PHR,,OCC-PHR-037,PHR-39,10.7,27.94077,-175.86175,NWHI,Inactive,"EAR, CAU"
PHR,,OCC-PHR-038,PHR-44,12.8,27.91062,-175.90483,NWHI,Inactive,CAU
PHR,,OCC-PHR-039,PHR-4350,71.6,27.7544833,-175.8940833,NWHI,Inactive,EAR
ROS,ROS-NE,OCC-ROS-001,ROS-380,24.7,-14.53866,-168.14578,AMSM,Active,STR
ROS,ROS-NE,OCC-ROS-002,ROS-01,15.5,-14.53875,-168.14581,AMSM,Active,"STR, CAU"
ROS,ROS-NE,OCC-ROS-003,ROS-787,5.8,-14.53897,-168.1461,AMSM,Active,STR
ROS,ROS-NE,OCC-ROS-004,ROS-5002,0.9,-14.53989,-168.14794,AMSM,Active,STR
ROS,,OCC-ROS-006,ROS-19,14.9,-14.5491,-168.13783,AMSM,Active,CAU
ROS,,OCC-ROS-007,ROS-03,15.2,-14.55563,-168.1469,AMSM,Inactive,CAU
ROS,,OCC-ROS-008,ROS-04,12.8,-14.55962,-168.15997,AMSM,Active,CAU
ROS,ROS-SW,OCC-ROS-009,ROS-752,25.6,-14.54873,-168.16875,AMSM,Active,"STR, EAR, ANCHOR"
ROS,ROS-SW,OCC-ROS-010,ROS-07,14.9,-14.54867,-168.16873,AMSM,Active,"STR, CAU"
ROS,ROS-SW,OCC-ROS-011,ROS-637,5.8,-14.54849,-168.16854,AMSM,Active,STR
ROS,ROS-SW,OCC-ROS-012,ROS-5003,0.9,-14.54836,-168.1645,AMSM,Active,STR
ROS,,OCC-ROS-013,ROS-23,14.9,-14.54222,-168.1727,AMSM,Active,CAU
ROS,,OCC-ROS-014,ROS-06,14.3,-14.53644,-168.16515,AMSM,Active,CAU
ROS,,OCC-ROS-015,ROS-5004,14.9,-14.53294,-168.1572,AMSM,Active,"EAR, STR, ANCHOR"
ROS,,OCC-ROS-016,ROS-08,1.8,-14.53782,-168.15346,AMSM,Active,STR
ROS,,OCC-ROS-017,ROS-5005,3,-14.55134,-168.16016,AMSM,Active,"STR, SST-STR, SBE37, EDL"
ROS,,OCC-ROS-018,ROS-479,10.4,-14.55159,-168.16,AMSM,Inactive,"STR, ANCHOR, STPR"
ROS,ROS-SW,OCC-ROS-019,ROS-752,31.7,-14.54871,-168.16883,AMSM,Inactive,STR
ROS,,OCC-ROS-020,ROS-5006,16.8,-14.54761,-168.13762,AMSM,Inactive,"WTR, ANCHOR"
ROS,,OCC-ROS-021,ROS-25,9.4,-14.5295,-168.15356,AMSM,Inactive,"RAS, ANCHOR, SBE37, CAU"
ROS,,OCC-ROS-022,ROS-5007,6.1,-14.5351,-168.15481,AMSM,Inactive,"ADP, RCM"
ROS,,OCC-ROS-023,ROS-5001,7.9,-14.55068,-168.16699,AMSM,Inactive,STR
ROS,,OCC-ROS-024,ROS-08,10.2,-14.53775,-168.1537,AMSM,Inactive,CAU
ROS,,OCC-ROS-025,ROS-09,5.5,-14.551,-168.16085,AMSM,Inactive,CAU
ROT,ROT-N,OCC-ROT-001,ROT-05,14,14.18318,145.20713,CNMI,Active,"STR, CAU"
ROT,,OCC-ROT-002,ROT-86,17.4,14.17503,145.2863,CNMI,Active,STR
ROT,ROT-SW,OCC-ROT-003,ROT-03,14.6,14.11394,145.16692,CNMI,Active,"STR, CAU"
ROT,ROT-N,OCC-ROT-006,ROT-05,10.4,14.18285,145.20681,CNMI,Inactive,STR
ROT,ROT-SW,OCC-ROT-007,ROT-2000,13.7,14.1134,145.16667,CNMI,Inactive,"STR, EAR, ANCHOR"
ROT,,OCC-ROT-008,ROT-2001,0.3,14.12827,145.16363,CNMI,Inactive,SST-STR
ROT,,OCC-ROT-009,ROT-2002,10.8,14.12827,145.16363,CNMI,Inactive,"ANCHOR, STR"
ROT,,OCC-ROT-010,ROT-2003,16.2,14.12777,145.16337,CNMI,Inactive,STR
ROT,,OCC-ROT-011,ROT-2004,0.3,14.12772,145.16335,CNMI,Inactive,SST-STR
ROT,,OCC-ROT-012,ROT-2005,0.3,14.11298,145.1667,CNMI,Inactive,SST-STR
ROT,,OCC-ROT-013,ROT-02,11.8,14.15378,145.25938,CNMI,Inactive,CAU
ROT,,OCC-ROT-014,ROT-06,13.2,14.15838,145.1504,CNMI,Inactive,CAU
SAI,SAI-N,OCC-SAI-001,SAI-21,24.7,15.29089,145.80931,CNMI,Active,STR
SAI,SAI-N,OCC-SAI-002,SAI-21,13.4,15.29062,145.80942,CNMI,Active,"STR, CAU"
SAI,SAI-N,OCC-SAI-003,SAI-1999,6.4,15.29005,145.80949,CNMI,Active,STR
SAI,SAI-E,OCC-SAI-004,SAI-2000,24.4,15.25791,145.81665,CNMI,Active,STR
SAI,SAI-E,OCC-SAI-005,SAI-20,16.5,15.25867,145.81567,CNMI,Active,"STR, EAR, ANCHOR, CAU"
SAI,,OCC-SAI-006,SAI-2001,19.5,15.17487,145.78949,CNMI,Active,"STR, EAR, ANCHOR"
SAI,,OCC-SAI-007,SAI-03,14.6,15.15611,145.76971,CNMI,Active,"STR, CAU"
SAI,SAI-S,OCC-SAI-008,SAI-598,24.7,15.09779,145.74279,CNMI,Active,STR
SAI,SAI-S,OCC-SAI-009,SAI-05,17.4,15.09788,145.74338,CNMI,Active,"STR, CAU"
SAI,SAI-S,OCC-SAI-010,SAI-05,5.8,15.09835,145.74437,CNMI,Active,STR
SAI,SAI-W,OCC-SAI-011,SAI-2002,28.3,15.15765,145.68593,CNMI,Active,STR
SAI,SAI-W,OCC-SAI-012,SAI-23,12.5,15.15638,145.68977,CNMI,Active,"STR, CAU"
SAI,SAI-W,OCC-SAI-013,SAI-2003,6.1,15.15466,145.69243,CNMI,Active,STR
SAI,,OCC-SAI-014,SAI-2004,5.5,15.23752,145.72252,CNMI,Active,STR
SAI,SAI-NW,OCC-SAI-015,SAI-2005,25.9,15.25729,145.76653,CNMI,Active,STR
SAI,SAI-NW,OCC-SAI-016,SAI-22,14,15.25657,145.76756,CNMI,Active,"STR, CAU"
SAI,SAI-NW,OCC-SAI-017,SAI-2006,5.2,15.25618,145.76793,CNMI,Active,STR
SAI,SAI-NW,OCC-SAI-017,SAI-2007,5.5,15.25614,145.76762,CNMI,Active,STR
SAI,,OCC-SAI-018,SAI-2008,0.3,15.17189,145.69474,CNMI,Inactive,SST-STR
SAI,,OCC-SAI-019,SAI-2009,18,15.17184,145.6947,CNMI,Inactive,"STR, ANCHOR"
SAI,,OCC-SAI-020,SAI-2010,16.8,15.1702,145.69478,CNMI,Inactive,"STR, ANCHOR"
SAI,,OCC-SAI-021,SAI-2011,0.2,15.1702,145.69478,CNMI,Inactive,SST-STR
SAI,,OCC-SAI-022,SAI-2012,1,15.23746,145.72288,CNMI,Inactive,"SBE37, EDL"
SAI,SAI-E,OCC-SAI-023,SAI-01,8.1,15.25888,145.81442,CNMI,Inactive,CAU
SAI,,OCC-SAI-024,SAI-06,11.7,15.1566,145.69017,CNMI,Inactive,CAU
SAI,,OCC-SAI-025,SAI-08,11.7,15.27353,145.79122,CNMI,Inactive,CAU
SAI,,OCC-SAI-026,SAI-2013,11.6,15.15906,145.75438,CNMI,Inactive,"ANCHOR, WTR"
SAR,,OCC-SAR-001,SAR-378,11.3,16.69862,145.78809,CNMI,Active,STR
SAR,SAR-NE,OCC-SAR-002,SAR-03,6.1,16.7106,145.76786,CNMI,Active,STR
SAR,SAR-NE,OCC-SAR-003,SAR-379,1,16.71057,145.76892,CNMI,Inactive,STR
SOB,,OCC-SOB-001,SOB-202,32,-14.89433,-170.63274,AMSM,Inactive,STR
SRR,,OCC-SRR-001,SRR-03,20.4,12.83819,144.41778,CNMI,Inactive,"SBE37, PINGER, ADP, ANCHOR"
SUP,,OCC-SUP-001,SUP-02,28,20.13995,145.09878,CNMI,Active,"STR, WTR, ANCHOR"
SWA,SWA-N,OCC-SWA-001,SWA-08,12.2,-11.04588,-171.07655,AMSM,Active,CAU
SWA,SWA-E,OCC-SWA-002,SWA-40,25.9,-11.05252,-171.06466,AMSM,Active,STR
SWA,SWA-E,OCC-SWA-003,SWA-40,15.2,-11.05253,-171.06474,AMSM,Active,"STR, CAU"
SWA,SWA-E,OCC-SWA-004,SWA-40,4.9,-11.05263,-171.06495,AMSM,Active,STR
SWA,,OCC-SWA-005,SWA-01,13.1,-11.06818,-171.08118,AMSM,Active,CAU
SWA,SWA-W,OCC-SWA-006,SWA-41,24.7,-11.05868,-171.09114,AMSM,Active,STR
SWA,SWA-W,OCC-SWA-007,SWA-41,14.3,-11.05861,-171.09099,AMSM,Active,"STR, ANCHOR, ADP, SBE37, CAU"
SWA,SWA-W,OCC-SWA-008,SWA-41,5.8,-11.05863,-171.09072,AMSM,Active,STR
SWA,SWA-W,OCC-SWA-009,SWA-803,0.9,-11.05719,-171.09039,AMSM,Active,STR
SWA,,OCC-SWA-010,SWA-16,14,-11.05083,-171.09223,AMSM,Inactive,CAU
SWA,SWA-N,OCC-SWA-011,SWA-804,14.3,-11.0456,-171.07612,AMSM,Inactive,STR
SWA,SWA-W,OCC-SWA-012,SWA-41,29.3,-11.0587,-171.09113,AMSM,Inactive,STR
SWA,,OCC-SWA-013,SWA-03,15.1,-11.05761,-171.09133,AMSM,Inactive,CAU
SWA,,OCC-SWA-014,SWA-07,14.8,-11.05137,-171.06568,AMSM,Inactive,CAU
TAU,TAU-N,OCC-TAU-001,TAU-1081,25.6,-14.21085,-169.44061,AMSM,Active,STR
TAU,TAU-N,OCC-TAU-002,TAU-04,14.9,-14.21179,-169.44093,AMSM,Active,"STR, CAU"
TAU,TAU-N,OCC-TAU-003,TAU-1082,6.1,-14.21299,-169.44177,AMSM,Active,STR
TAU,TAU-E,OCC-TAU-004,TAU-07,24.4,-14.22716,-169.41812,AMSM,Active,STR
TAU,TAU-E,OCC-TAU-005,TAU-07,14,-14.22736,-169.41818,AMSM,Active,"STR, CAU"
TAU,TAU-E,OCC-TAU-006,TAU-1083,5.8,-14.22724,-169.41872,AMSM,Active,STR
TAU,TAU-S,OCC-TAU-007,TAU-02,13.7,-14.25116,-169.44694,AMSM,Active,CAU
TAU,,OCC-TAU-008,TAU-08,13.7,-14.26257,-169.47475,AMSM,Active,CAU
TAU,TAU-W,OCC-TAU-010,TAU-1084,24.1,-14.25751,-169.50137,AMSM,Active,STR
TAU,TAU-W,OCC-TAU-011,TAU-12,14.3,-14.25756,-169.50099,AMSM,Active,"STR, CAU"
TAU,TAU-W,OCC-TAU-012,TAU-1085,6.1,-14.25734,-169.50025,AMSM,Active,STR
TAU,,OCC-TAU-013,TAU-11,12.2,-14.21738,-169.51308,AMSM,Active,CAU
TAU,TAU-S,OCC-TAU-014,TAU-1086,6.1,-14.25075,-169.44661,AMSM,Inactive,STR
TAU,,OCC-TAU-015,TAU-1087,14.3,-14.24403,-169.5089,AMSM,Inactive,"STR, ANCHOR"
TAU,,OCC-TAU-016,TAU-1088,0.2,-14.24403,-169.5089,AMSM,Inactive,SST-STR
TAU,,OCC-TAU-017,TAU-1089,9.8,-14.23545,-169.41908,AMSM,Inactive,STR
TAU,,OCC-TAU-018,TAU-958,0.3,-14.24372,-169.50944,AMSM,Inactive,SST-STR
TAU,,OCC-TAU-019,TAU-1090,0.3,-14.23567,-169.4189,AMSM,Inactive,SST-STR
TAU,,OCC-TAU-020,TAU-09,13.7,-14.2466,-169.50577,AMSM,Inactive,CAU
TAU,,OCC-TAU-021,TAU-10,13.7,-14.2147,-169.46818,AMSM,Inactive,CAU
TIM,,OCC-TIM-001,DIL-02,13.7,-8.55465,125.49912,CORALTRI,Inactive,"STR, CAU"
TIM,,OCC-TIM-002,LAU-01,14.6,-8.34643,127.16095,CORALTRI,Inactive,"STR, CAU"
TIM,,OCC-TIM-003,LAU-05,15.5,-8.41082,127.31222,CORALTRI,Inactive,"STR, CAU"
TIM,,OCC-TIM-004,BAU-04,14.3,-8.41943,126.4268,CORALTRI,Inactive,"STR, CAU"
TIM,,OCC-TIM-005,MAN-09,14.6,-8.47518,125.90668,CORALTRI,Inactive,"STR, CAU"
TIM,,OCC-TIM-006,BOB-02,14.3,-8.85321,125.01319,CORALTRI,Inactive,"STR, CAU"
TIM,,OCC-TIM-007,VIL-10,13.1,-8.22438,125.61686,CORALTRI,Inactive,"STR, CAU"
TIM,,OCC-TIM-008,VIL-03,14.6,-8.30337,125.5585,CORALTRI,Inactive,"STR, CAU"
TIM,,OCC-TIM-009,VIL-10,6.1,-8.22429,125.6168,CORALTRI,Inactive,STR
TIM,,OCC-TIM-010,VIL-10,25,-8.22449,125.61684,CORALTRI,Inactive,STR
TIM,,OCC-TIM-011,MAN-09,4.9,-8.47532,125.90658,CORALTRI,Inactive,STR
TIM,,OCC-TIM-012,LAU-26,25.3,-8.34633,127.16093,CORALTRI,Inactive,STR
TIM,,OCC-TIM-013,LAU-01,4.6,-8.34661,127.16117,CORALTRI,Inactive,STR
TIM,,OCC-TIM-014,LAU-07,11,-8.68429,126.98978,CORALTRI,Inactive,"STR, CAU"
TIM,,OCC-TIM-015,MAF-01,14.6,-9.15203,125.82206,CORALTRI,Inactive,"STR, CAU"
TIM,,OCC-TIM-016,DIL-02,24.7,-8.5546,125.49897,CORALTRI,Inactive,STR
TIM,,OCC-TIM-017,DIL-02,6.1,-8.55484,125.49929,CORALTRI,Inactive,STR
TIN,,OCC-TIN-001,TIN-06,12.2,15.08043,145.6214,CNMI,Active,"STR, CAU"
TIN,TIN-E,OCC-TIN-002,TIN-01,18.3,15.03461,145.65132,CNMI,Active,CAU
TIN,TIN-E,OCC-TIN-003,TIN-01,11,15.03475,145.65113,CNMI,Active,STR
TIN,,OCC-TIN-004,TIN-02,13.1,14.94079,145.62794,CNMI,Active,CAU
TIN,,OCC-TIN-005,TIN-03,10.1,14.99062,145.60291,CNMI,Active,CAU
TIN,TIN-E,OCC-TIN-006,TIN-153,5.8,15.03549,145.65074,CNMI,Inactive,STR
TIN,,OCC-TIN-007,TIN-04,11.9,14.94783,145.66305,CNMI,Inactive,CAU
TUT,TUT-NE,OCC-TUT-001,TUT-72,24.1,-14.24456,-170.66017,AMSM,Active,STR
TUT,TUT-NE,OCC-TUT-002,TUT-72,14.6,-14.24473,-170.66011,AMSM,Active,"STR, EAR, ANCHOR, CAU"
TUT,TUT-NE,OCC-TUT-003,TUT-5006,6.1,-14.24558,-170.66046,AMSM,Active,STR
TUT,,OCC-TUT-004,TUT-05,13.7,-14.25184,-170.62355,AMSM,Inactive,CAU
TUT,,OCC-TUT-005,TUT-17,12.8,-14.24606,-170.57182,AMSM,Active,CAU
TUT,TUT-E,OCC-TUT-006,TUT-73,24.4,-14.28529,-170.56428,AMSM,Active,STR
TUT,TUT-E,OCC-TUT-007,TUT-16,15.8,-14.28521,-170.56401,AMSM,Active,"STR, CAU"
TUT,TUT-E,OCC-TUT-008,TUT-73,5.5,-14.28531,-170.56387,AMSM,Active,STR
TUT,,OCC-TUT-009,TUT-02,13.7,-14.27782,-170.60721,AMSM,Active,CAU
TUT,TUT-S,OCC-TUT-010,TUT-513,24.7,-14.28866,-170.63454,AMSM,Active,STR
TUT,TUT-S,OCC-TUT-011,TUT-513,15.2,-14.28841,-170.63456,AMSM,Active,"STR, EAR, ANCHOR"
TUT,TUT-S,OCC-TUT-012,TUT-01,13.1,-14.28443,-170.63793,AMSM,Active,CAU
TUT,TUT-S,OCC-TUT-013,TUT-5007,0.6,-14.28308,-170.63879,AMSM,Active,STR
TUT,,OCC-TUT-014,TUT-1003,25,-14.31097,-170.64228,AMSM,Active,STR
TUT,,OCC-TUT-015,TUT-71,16.2,-14.33654,-170.70407,AMSM,Active,CAU
TUT,TUT-SW,OCC-TUT-016,TUT-2347,25,-14.36339,-170.76386,AMSM,Active,"STR, ANCHOR"
TUT,TUT-SW,OCC-TUT-017,TUT-75,14.3,-14.36347,-170.76314,AMSM,Active,"STR, CAU"
TUT,TUT-SW,OCC-TUT-018,TUT-75,5.8,-14.36311,-170.76305,AMSM,Active,STR
TUT,TUT-SW,OCC-TUT-019,TUT-1050,0.9,-14.36261,-170.76287,AMSM,Active,STR
TUT,TUT-W,OCC-TUT-020,TUT-06,14,-14.32808,-170.8319,AMSM,Inactive,CAU
TUT,TUT-NW,OCC-TUT-021,TUT-74,25,-14.29448,-170.81198,AMSM,Active,STR
TUT,TUT-NW,OCC-TUT-022,TUT-74,13.7,-14.29464,-170.812,AMSM,Active,"STR, CTD, PH, ADP, CAU"
TUT,TUT-NW,OCC-TUT-023,TUT-08,13.7,-14.29173,-170.78057,AMSM,Active,CAU
TUT,TUT-NW,OCC-TUT-024,TUT-74,5.5,-14.29493,-170.81196,AMSM,Active,STR
TUT,,OCC-TUT-025,TUT-19,15.5,-14.28323,-170.72801,AMSM,Active,CAU
TUT,TUT-N,OCC-TUT-026,TUT-5008,24.1,-14.28142,-170.72474,AMSM,Active,STR
TUT,TUT-N,OCC-TUT-027,TUT-5009,15.5,-14.28152,-170.72462,AMSM,Active,"STR, ANCHOR"
TUT,TUT-N,OCC-TUT-028,TUT-5010,5.2,-14.28176,-170.72444,AMSM,Active,STR
TUT,,OCC-TUT-029,TUT-13,14.6,-14.26046,-170.71187,AMSM,Active,CAU
TUT,TUT-S,OCC-TUT-030,TUT-5011,5.2,-14.28352,-170.63796,AMSM,Active,STR
TUT,,OCC-TUT-031,TUT-4162,2.4,-14.29143,-170.68072,AMSM,Inactive,"ADP, ANCHOR, BATTERY, SBE37"
TUT,,OCC-TUT-032,TUT-5012,14.9,-14.28977,-170.67895,AMSM,Inactive,"ADP, ANCHOR, BATTERY, SBE37"
TUT,,OCC-TUT-033,TUT-704,13.4,-14.29298,-170.67515,AMSM,Inactive,"WTR, ANCHOR"
TUT,,OCC-TUT-034,TUT-5013,0.6,-14.29132,-170.68251,AMSM,Inactive,"ADP, BATTERY, ANCHOR, SBE37"
TUT,,OCC-TUT-035,TUT-5014,0.3,-14.2815,-170.72461,AMSM,Inactive,SST-STR
TUT,,OCC-TUT-036,TUT-2347,0.3,-14.36335,-170.76379,AMSM,Inactive,SST-STR
TUT,,OCC-TUT-037,TUT-1987,0.2,-14.3667,-170.76326,AMSM,Inactive,SST-STR
TUT,TUT-SW,OCC-TUT-038,TUT-1987,18.6,-14.3667,-170.76326,AMSM,Inactive,"STR, ANCHOR"
TUT,TUT-SSW,OCC-TUT-039,TUT-5015,32.6,-14.37496,-170.75804,AMSM,Inactive,STR
TUT,,OCC-TUT-040,TUT-5016,0.2,-14.32833,-170.83349,AMSM,Inactive,SST-STR
TUT,TUT-W,OCC-TUT-041,TUT-5017,27.7,-14.32833,-170.83349,AMSM,Inactive,"STR, ANCHOR"
TUT,TUT-SSW,OCC-TUT-042,TUT-5018,22,-14.37493,-170.75826,AMSM,Inactive,"WTR, ANCHOR, RCM"
TUT,,OCC-TUT-043,TUT-5019,0.2,-14.28366,-170.56227,AMSM,Inactive,"SST-STR, STR"
TUT,TUT-E,OCC-TUT-044,TUT-5020,8.5,-14.28366,-170.56227,AMSM,Inactive,"STR, ANCHOR"
TUT,,OCC-TUT-045,TUT-05,5.8,-14.25191,-170.62378,AMSM,Inactive,STR
TUT,,OCC-TUT-046,TUT-5021,0.2,-14.28458,-170.72266,AMSM,Inactive,SST-STR
TUT,,OCC-TUT-047,TUT-5022,14.6,-14.28458,-170.72266,AMSM,Inactive,"STR, ANCHOR"
TUT,,OCC-TUT-048,TUT-368,17.7,-14.27158,-170.72339,AMSM,Inactive,"EAR, STR, ANCHOR"
TUT,,OCC-TUT-049,TUT-368,30.5,-14.27151,-170.72362,AMSM,Inactive,STR
TUT,,OCC-TUT-050,TUT-1418,16.7,-14.36329,-170.76361,AMSM,Inactive,"EAR, STR"
TUT,,OCC-TUT-051,TUT-5023,1.8,-14.33044,-170.70265,AMSM,Inactive,STR
TUT,,OCC-TUT-052,TUT-75,20.1,-14.36352,-170.76363,AMSM,Inactive,"EAR, STR, ANCHOR"
TUT,,OCC-TUT-053,TUT-5024,8.2,-14.28437,-170.72247,AMSM,Inactive,STR
TUT,,OCC-TUT-054,TUT-1050,4.6,-14.36273,-170.7633,AMSM,Inactive,STR
TUT,TUT-SW,OCC-TUT-055,TUT-340,6.7,-14.36402,-170.762,AMSM,Inactive,STR
TUT,TUT-SW,OCC-TUT-056,TUT-1139,20.1,-14.36451,-170.7626,AMSM,Inactive,STR
TUT,,OCC-TUT-057,TUT-5025,0.3,-14.28428,-170.722,AMSM,Inactive,STR
TUT,,OCC-TUT-058,TUT-09,10,-14.33608,-170.70438,AMSM,Inactive,CAU
TUT,,OCC-TUT-059,TUT-10,12.1,-14.31137,-170.69288,AMSM,Inactive,CAU
TUT,,OCC-TUT-060,TUT-14,14.1,-14.25372,-170.65259,AMSM,Inactive,CAU
TUT,,OCC-TUT-061,TUT-22,15,-14.36594,-170.76336,AMSM,Inactive,CAU
TUT,,OCC-TUT-062,TUT-934,2.4,-14.29198134,-170.6786379,AMSM,Inactive,"WTR, ANCHOR"
WAK,WAK-N,OCC-WAK-001,WAK-23,25,19.31622,166.62725,PRIA,Active,STR
WAK,WAK-N,OCC-WAK-002,WAK-23,13.4,19.31605,166.62722,PRIA,Active,"STR, ANCHOR, CAU"
WAK,WAK-N,OCC-WAK-003,WAK-2000,6.1,19.31575,166.62685,PRIA,Active,STR
WAK,WAK-E,OCC-WAK-004,WAK-2001,25.3,19.30637,166.65149,PRIA,Active,STR
WAK,WAK-E,OCC-WAK-005,WAK-24,14,19.30614,166.65109,PRIA,Active,"STR, ANCHOR, CAU"
WAK,WAK-E,OCC-WAK-006,WAK-2002,5.2,19.3064,166.65062,PRIA,Active,STR
WAK,WAK-S,OCC-WAK-007,WAK-2003,25.6,19.27993,166.6284,PRIA,Active,STR
WAK,WAK-S,OCC-WAK-008,WAK-01,15.2,19.28066,166.62779,PRIA,Active,"STR, ANCHOR, CAU"
WAK,WAK-S,OCC-WAK-009,WAK-2004,4.6,19.2811,166.62803,PRIA,Active,STR
WAK,,OCC-WAK-010,WAK-2005,1.2,19.28868,166.61361,PRIA,Active,STR
WAK,,OCC-WAK-011,WAK-06,12.8,19.29172,166.60743,PRIA,Active,CAU
WAK,WAK-W,OCC-WAK-012,WAK-08,23.5,19.31629,166.598,PRIA,Active,STR
WAK,WAK-W,OCC-WAK-013,WAK-08,13.4,19.31621,166.59826,PRIA,Active,"STR, ANCHOR, RAS, ADP, CTD, CAU"
WAK,WAK-W,OCC-WAK-014,WAK-98,5.2,19.31622,166.59858,PRIA,Active,STR
WAK,WAK-NE,OCC-WAK-015,WAK-2006,18.9,19.32583,166.60979,PRIA,Active,"ADP, SBE37, ANCHOR"
WAK,,OCC-WAK-016,WAK-2007,1.5,19.30863,166.60449,PRIA,Active,STR
WAK,,OCC-WAK-017,WAK-2008,3,19.30736,166.62214,PRIA,Active,"SST-STR, ANCHOR, STR"
WAK,,OCC-WAK-018,WAK-2009,1.2,19.30092,166.63805,PRIA,Active,"STR, EAR, ANCHOR"
WAK,WAK-N,OCC-WAK-019,WAK-23,20.7,19.31624,166.62724,PRIA,Inactive,"STR, SBE37"
WAK,,OCC-WAK-020,WAK-05,18.3,19.30295,166.59486,PRIA,Inactive,"STR, SBE37"
WAK,WAK-S,OCC-WAK-021,WAK-2010,12.2,19.28033,166.62867,PRIA,Inactive,STR
WAK,WAK-S,OCC-WAK-022,WAK-2011,19.8,19.28021,166.62839,PRIA,Inactive,"STR, SBE37"
WAK,WAK-SE,OCC-WAK-023,WAK-2012,20.4,19.27675,166.6572,PRIA,Inactive,"STR, ADP, SBE37, ANCHOR"
WAK,WAK-E,OCC-WAK-024,WAK-24,20.7,19.30636,166.65142,PRIA,Inactive,SBE37
WAK,WAK-SE,OCC-WAK-025,WAK-281,10.7,19.27666,166.65678,PRIA,Inactive,STR
WAK,WAK-SE,OCC-WAK-026,WAK-2013,14.3,19.27666,166.65704,PRIA,Inactive,STR
WAK,WAK-NE,OCC-WAK-027,WAK-2014,9.5,19.32546,166.60963,PRIA,Inactive,STR
WAK,WAK-NE,OCC-WAK-028,WAK-2015,14.3,19.32571,166.60972,PRIA,Inactive,STR
WAK,,OCC-WAK-029,WAK-09,14.4,19.27116,166.65115,PRIA,Inactive,CAU
WAK,,OCC-WAK-030,WAK-13,12.9,19.31576,166.64288,PRIA,Inactive,CAU
ZEA,,OCC-ZEA-001,ZEA-03,23.2,16.68974,145.85348,CNMI,Active,STR
ZEA,,OCC-ZEA-002,ZEA-04,23.2,16.89743,145.85349,CNMI,Inactive,"STR, WTR, ANCHOR"
